ESTATÍSTICA DA APLICAÇÃO,,,,,,,
Desempenho Individual,,,,,,,
,,,,,,,
,,,,,,,
Aluno,Matrícula,Desempenho,Acertos,Erros,Tempo de realização,,
Cristian de Morais Bonato,2191881,"91,70%",22,2,00:26:50,,
Identificador,Capacidade,Subfunção,Padrão de desempenho,Conhecimento,Dificuldade,Marcação respondente,Gabarito
SAEP_37667,"C6 - Identificar tipos de componentes, circuitos e suas conexões na implantação de soluções de automação.",Integrar automação aos sistemas elétricos industriais,Considerando as soluções tecnológicas aplicáveis aos processos industriais,Acionamentos Eletroeletrônicos,Medio,C,C
SAEP_50884,C4 - Aplicar técnicas de manutenção conforme componente a ser reparado ou substituído.,Manter sistemas elétricos prediais,"Considerando o Projeto Elétrico, Ordem de Serviço e o Plano de Controle da Manutenção - PCM",Manutenção Elétrica,Medio,A,B
SAEP_54064,C1 - Reconhecer os fundamentos da eletricidade quanto a circuitos de corrente contínua e alternada e grandezas elétricas.,Instalar sistemas elétricos prediais,,Circuitos Elétricos em Corrente Alternada,Medio,B,B
SAEP_54220,C3 - Aplicar cálculos de dimensionamento de sistema elétrico.,Projetar sistemas elétricos prediais,Considerando os requisitos e necessidades do cliente e as características do local do serviço.,Projeto Elétrico,Facil,C,C
SAEP_54323,C5 - Utilizar instrumentos de medição para instalação e manutenção.,Manter sistemas elétricos industriais,"Considerando Legislação, Normas Técnicas, de Qualidade, de Segurança, Saúde e Sustentabilidade",Equipamentos de medição elétrica,Medio,A,A
SAEP_54640,C9 - Aplicar normas técnicas e procedimentos de segurança.,Instalar sistemas elétricos de potência,"Considerando as especificações do projeto elétrico de potência, manuais e catálogos dos equipamentos",Normas Técnicas e Regulamentações Aplicadas,Dificil,D,D
SAEP_54725,C5 - Utilizar instrumentos de medição para instalação e manutenção.,Manter sistemas elétricos de potência,"Considerando Legislação, Normas Técnicas, de Qualidade, de Segurança, Saúde e Sustentabilidade",Equipamentos de medição elétrica,Medio,C,C
SAEP_60004,C1 - Reconhecer os fundamentos da eletricidade quanto a circuitos de corrente contínua e alternada e grandezas elétricas.,Instalar sistemas elétricos prediais,"Considerando o Projeto Elétrico, Ordens de Serviço e Procedimentos Operacionais",Unidades de medidas,Dificil,D,B
SAEP_60269,"C8 - Especificar materiais, equipamentos e componentes considerando o dimensionamento elétrico e necessidades funcionais da instalação elétrica.",Implementar sistemas de energias renováveis,Considerando os requisitos da concessionária e características do projeto do cliente/consumidor,Sistema Fotovoltaico,Medio,B,B
SAEP_60699,C7 - Aplicar técnicas de programação para a automação dos sistemas elétricos industriais.,Integrar automação aos sistemas elétricos industriais,Considerando as soluções tecnológicas aplicáveis aos processos industriais,Acionamentos Eletroeletrônicos,Dificil,C,C
SAEP_67739,C7 - Aplicar técnicas de programação para a automação dos sistemas elétricos industriais.,Integrar automação aos sistemas elétricos industriais,Considerando as soluções tecnológicas aplicáveis aos processos industriais,Controladores Lógicos Programáveis (CLP),Dificil,B,B
SAEP_67787,C4 - Aplicar técnicas de manutenção conforme componente a ser reparado ou substituído.,Manter sistemas elétricos prediais,,Manutenção Elétrica,Facil,C,C
SAEP_69253,"C2 - Aplicar simbologias, terminologias e convenções gráficas de sistema elétrico para simulação e elaboração de projetos utilizando recursos digitais.",Projetar sistemas elétricos prediais,Considerando os requisitos e necessidades do cliente e as características do local do serviço.,Software de Desenho Assistido por Computador (CAD),Medio,A,A
SAEP_76121,"C6 - Identificar tipos de componentes, circuitos e suas conexões na implantação de soluções de automação.",Integrar automação aos sistemas elétricos industriais,,Acionamentos Eletroeletrônicos,Dificil,D,D
SAEP_76593,"C6 - Identificar tipos de componentes, circuitos e suas conexões na implantação de soluções de automação.",Integrar automação aos sistemas elétricos industriais,"Considerando as especificações do projeto industrial, manuais dos equipamentos e catálogos dos fabricantes",Acionamentos Eletroeletrônicos,Facil,D,D
SAEP_76980,C10 - Aplicar técnicas de aterramento.,Projetar sistemas elétricos prediais,"Considerando Legislação, Normas Técnicas, de Qualidade, de Segurança, Saúde e Sustentabilidade",Sistema de Proteção contra Descargas Atmosféricas (SPDA),Facil,D,D
SAEP_76994,C10 - Aplicar técnicas de aterramento.,Manter sistemas elétricos de potência,"Considerando as especificações do projeto elétrico de potência, manuais dos equipamentos e catálogos dos fabricantes",Redes de Distribuição,Medio,B,B
SAEP_77014,"C2 - Aplicar simbologias, terminologias e convenções gráficas de sistema elétrico para simulação e elaboração de projetos utilizando recursos digitais.",Projetar sistemas elétricos de potência de acordo com os parâmetros da legislação vigente,Considerando os requisitos da concessionária e características do projeto do cliente/consumidor,Leitura e Interpretação de Desenhos Técnicos,Dificil,A,A
SAEP_77534,C10 - Aplicar técnicas de aterramento.,Manter sistemas elétricos de potência,,Redes de Distribuição,Dificil,B,B
SAEP_77686,C5 - Utilizar instrumentos de medição para instalação e manutenção.,Instalar sistemas elétricos prediais,"Considerando o Projeto Elétrico, Ordens de Serviço e Procedimentos Operacionais",Equipamentos de medição elétrica,Facil,B,B
SAEP_77777,C5 - Utilizar instrumentos de medição para instalação e manutenção.,Manter sistemas elétricos industriais,,Equipamentos de medição elétrica,Medio,A,A
SAEP_77862,C9 - Aplicar normas técnicas e procedimentos de segurança.,Manter sistemas elétricos industriais,,Normas Técnicas e Regulamentações Aplicadas,Facil,A,A
SAEP_78480,C3 - Aplicar cálculos de dimensionamento de sistema elétrico.,Projetar sistemas elétricos industriais,,"Normas Técnicas e Regulamentações Aplicadas, Projeto Elétrico",Medio,B,B
SAEP_79948,"C8 - Especificar materiais, equipamentos e componentes considerando o dimensionamento elétrico e necessidades funcionais da instalação elétrica.",Projetar sistemas elétricos prediais,"Considerando Legislação, Normas Técnicas, de Qualidade, de Segurança, Saúde e Sustentabilidade",Condutores Elétricos,Facil,B,B
Aluno,Matrícula,Desempenho,Acertos,Erros,Tempo de realização,,
Laertty Trevisol Brunetto,2118670,"87,50%",21,3,00:30:45,,
Identificador,Capacidade,Subfunção,Padrão de desempenho,Conhecimento,Dificuldade,Marcação respondente,Gabarito
SAEP_37667,"C6 - Identificar tipos de componentes, circuitos e suas conexões na implantação de soluções de automação.",Integrar automação aos sistemas elétricos industriais,Considerando as soluções tecnológicas aplicáveis aos processos industriais,Acionamentos Eletroeletrônicos,Medio,C,C
SAEP_50884,C4 - Aplicar técnicas de manutenção conforme componente a ser reparado ou substituído.,Manter sistemas elétricos prediais,"Considerando o Projeto Elétrico, Ordem de Serviço e o Plano de Controle da Manutenção - PCM",Manutenção Elétrica,Medio,B,B
SAEP_54064,C1 - Reconhecer os fundamentos da eletricidade quanto a circuitos de corrente contínua e alternada e grandezas elétricas.,Instalar sistemas elétricos prediais,,Circuitos Elétricos em Corrente Alternada,Medio,B,B
SAEP_54220,C3 - Aplicar cálculos de dimensionamento de sistema elétrico.,Projetar sistemas elétricos prediais,Considerando os requisitos e necessidades do cliente e as características do local do serviço.,Projeto Elétrico,Facil,C,C
SAEP_54323,C5 - Utilizar instrumentos de medição para instalação e manutenção.,Manter sistemas elétricos industriais,"Considerando Legislação, Normas Técnicas, de Qualidade, de Segurança, Saúde e Sustentabilidade",Equipamentos de medição elétrica,Medio,A,A
SAEP_54640,C9 - Aplicar normas técnicas e procedimentos de segurança.,Instalar sistemas elétricos de potência,"Considerando as especificações do projeto elétrico de potência, manuais e catálogos dos equipamentos",Normas Técnicas e Regulamentações Aplicadas,Dificil,C,D
SAEP_54725,C5 - Utilizar instrumentos de medição para instalação e manutenção.,Manter sistemas elétricos de potência,"Considerando Legislação, Normas Técnicas, de Qualidade, de Segurança, Saúde e Sustentabilidade",Equipamentos de medição elétrica,Medio,C,C
SAEP_60004,C1 - Reconhecer os fundamentos da eletricidade quanto a circuitos de corrente contínua e alternada e grandezas elétricas.,Instalar sistemas elétricos prediais,"Considerando o Projeto Elétrico, Ordens de Serviço e Procedimentos Operacionais",Unidades de medidas,Dificil,B,B
SAEP_60269,"C8 - Especificar materiais, equipamentos e componentes considerando o dimensionamento elétrico e necessidades funcionais da instalação elétrica.",Implementar sistemas de energias renováveis,Considerando os requisitos da concessionária e características do projeto do cliente/consumidor,Sistema Fotovoltaico,Medio,B,B
SAEP_60699,C7 - Aplicar técnicas de programação para a automação dos sistemas elétricos industriais.,Integrar automação aos sistemas elétricos industriais,Considerando as soluções tecnológicas aplicáveis aos processos industriais,Acionamentos Eletroeletrônicos,Dificil,C,C
SAEP_67739,C7 - Aplicar técnicas de programação para a automação dos sistemas elétricos industriais.,Integrar automação aos sistemas elétricos industriais,Considerando as soluções tecnológicas aplicáveis aos processos industriais,Controladores Lógicos Programáveis (CLP),Dificil,B,B
SAEP_67787,C4 - Aplicar técnicas de manutenção conforme componente a ser reparado ou substituído.,Manter sistemas elétricos prediais,,Manutenção Elétrica,Facil,C,C
SAEP_69253,"C2 - Aplicar simbologias, terminologias e convenções gráficas de sistema elétrico para simulação e elaboração de projetos utilizando recursos digitais.",Projetar sistemas elétricos prediais,Considerando os requisitos e necessidades do cliente e as características do local do serviço.,Software de Desenho Assistido por Computador (CAD),Medio,A,A
SAEP_76121,"C6 - Identificar tipos de componentes, circuitos e suas conexões na implantação de soluções de automação.",Integrar automação aos sistemas elétricos industriais,,Acionamentos Eletroeletrônicos,Dificil,D,D
SAEP_76593,"C6 - Identificar tipos de componentes, circuitos e suas conexões na implantação de soluções de automação.",Integrar automação aos sistemas elétricos industriais,"Considerando as especificações do projeto industrial, manuais dos equipamentos e catálogos dos fabricantes",Acionamentos Eletroeletrônicos,Facil,A,D
SAEP_76980,C10 - Aplicar técnicas de aterramento.,Projetar sistemas elétricos prediais,"Considerando Legislação, Normas Técnicas, de Qualidade, de Segurança, Saúde e Sustentabilidade",Sistema de Proteção contra Descargas Atmosféricas (SPDA),Facil,D,D
SAEP_76994,C10 - Aplicar técnicas de aterramento.,Manter sistemas elétricos de potência,"Considerando as especificações do projeto elétrico de potência, manuais dos equipamentos e catálogos dos fabricantes",Redes de Distribuição,Medio,B,B
SAEP_77014,"C2 - Aplicar simbologias, terminologias e convenções gráficas de sistema elétrico para simulação e elaboração de projetos utilizando recursos digitais.",Projetar sistemas elétricos de potência de acordo com os parâmetros da legislação vigente,Considerando os requisitos da concessionária e características do projeto do cliente/consumidor,Leitura e Interpretação de Desenhos Técnicos,Dificil,A,A
SAEP_77534,C10 - Aplicar técnicas de aterramento.,Manter sistemas elétricos de potência,,Redes de Distribuição,Dificil,B,B
SAEP_77686,C5 - Utilizar instrumentos de medição para instalação e manutenção.,Instalar sistemas elétricos prediais,"Considerando o Projeto Elétrico, Ordens de Serviço e Procedimentos Operacionais",Equipamentos de medição elétrica,Facil,B,B
SAEP_77777,C5 - Utilizar instrumentos de medição para instalação e manutenção.,Manter sistemas elétricos industriais,,Equipamentos de medição elétrica,Medio,B,A
SAEP_77862,C9 - Aplicar normas técnicas e procedimentos de segurança.,Manter sistemas elétricos industriais,,Normas Técnicas e Regulamentações Aplicadas,Facil,A,A
SAEP_78480,C3 - Aplicar cálculos de dimensionamento de sistema elétrico.,Projetar sistemas elétricos industriais,,"Normas Técnicas e Regulamentações Aplicadas, Projeto Elétrico",Medio,B,B
SAEP_79948,"C8 - Especificar materiais, equipamentos e componentes considerando o dimensionamento elétrico e necessidades funcionais da instalação elétrica.",Projetar sistemas elétricos prediais,"Considerando Legislação, Normas Técnicas, de Qualidade, de Segurança, Saúde e Sustentabilidade",Condutores Elétricos,Facil,B,B
Aluno,Matrícula,Desempenho,Acertos,Erros,Tempo de realização,,
Eduardo Huber,2200267,"79,20%",19,5,00:31:31,,
Identificador,Capacidade,Subfunção,Padrão de desempenho,Conhecimento,Dificuldade,Marcação respondente,Gabarito
SAEP_37667,"C6 - Identificar tipos de componentes, circuitos e suas conexões na implantação de soluções de automação.",Integrar automação aos sistemas elétricos industriais,Considerando as soluções tecnológicas aplicáveis aos processos industriais,Acionamentos Eletroeletrônicos,Medio,C,C
SAEP_50884,C4 - Aplicar técnicas de manutenção conforme componente a ser reparado ou substituído.,Manter sistemas elétricos prediais,"Considerando o Projeto Elétrico, Ordem de Serviço e o Plano de Controle da Manutenção - PCM",Manutenção Elétrica,Medio,B,B
SAEP_54064,C1 - Reconhecer os fundamentos da eletricidade quanto a circuitos de corrente contínua e alternada e grandezas elétricas.,Instalar sistemas elétricos prediais,,Circuitos Elétricos em Corrente Alternada,Medio,B,B
SAEP_54220,C3 - Aplicar cálculos de dimensionamento de sistema elétrico.,Projetar sistemas elétricos prediais,Considerando os requisitos e necessidades do cliente e as características do local do serviço.,Projeto Elétrico,Facil,C,C
SAEP_54323,C5 - Utilizar instrumentos de medição para instalação e manutenção.,Manter sistemas elétricos industriais,"Considerando Legislação, Normas Técnicas, de Qualidade, de Segurança, Saúde e Sustentabilidade",Equipamentos de medição elétrica,Medio,C,A
SAEP_54640,C9 - Aplicar normas técnicas e procedimentos de segurança.,Instalar sistemas elétricos de potência,"Considerando as especificações do projeto elétrico de potência, manuais e catálogos dos equipamentos",Normas Técnicas e Regulamentações Aplicadas,Dificil,B,D
SAEP_54725,C5 - Utilizar instrumentos de medição para instalação e manutenção.,Manter sistemas elétricos de potência,"Considerando Legislação, Normas Técnicas, de Qualidade, de Segurança, Saúde e Sustentabilidade",Equipamentos de medição elétrica,Medio,C,C
SAEP_60004,C1 - Reconhecer os fundamentos da eletricidade quanto a circuitos de corrente contínua e alternada e grandezas elétricas.,Instalar sistemas elétricos prediais,"Considerando o Projeto Elétrico, Ordens de Serviço e Procedimentos Operacionais",Unidades de medidas,Dificil,D,B
SAEP_60269,"C8 - Especificar materiais, equipamentos e componentes considerando o dimensionamento elétrico e necessidades funcionais da instalação elétrica.",Implementar sistemas de energias renováveis,Considerando os requisitos da concessionária e características do projeto do cliente/consumidor,Sistema Fotovoltaico,Medio,B,B
SAEP_60699,C7 - Aplicar técnicas de programação para a automação dos sistemas elétricos industriais.,Integrar automação aos sistemas elétricos industriais,Considerando as soluções tecnológicas aplicáveis aos processos industriais,Acionamentos Eletroeletrônicos,Dificil,C,C
SAEP_67739,C7 - Aplicar técnicas de programação para a automação dos sistemas elétricos industriais.,Integrar automação aos sistemas elétricos industriais,Considerando as soluções tecnológicas aplicáveis aos processos industriais,Controladores Lógicos Programáveis (CLP),Dificil,B,B
SAEP_67787,C4 - Aplicar técnicas de manutenção conforme componente a ser reparado ou substituído.,Manter sistemas elétricos prediais,,Manutenção Elétrica,Facil,C,C
SAEP_69253,"C2 - Aplicar simbologias, terminologias e convenções gráficas de sistema elétrico para simulação e elaboração de projetos utilizando recursos digitais.",Projetar sistemas elétricos prediais,Considerando os requisitos e necessidades do cliente e as características do local do serviço.,Software de Desenho Assistido por Computador (CAD),Medio,A,A
SAEP_76121,"C6 - Identificar tipos de componentes, circuitos e suas conexões na implantação de soluções de automação.",Integrar automação aos sistemas elétricos industriais,,Acionamentos Eletroeletrônicos,Dificil,A,D
SAEP_76593,"C6 - Identificar tipos de componentes, circuitos e suas conexões na implantação de soluções de automação.",Integrar automação aos sistemas elétricos industriais,"Considerando as especificações do projeto industrial, manuais dos equipamentos e catálogos dos fabricantes",Acionamentos Eletroeletrônicos,Facil,D,D
SAEP_76980,C10 - Aplicar técnicas de aterramento.,Projetar sistemas elétricos prediais,"Considerando Legislação, Normas Técnicas, de Qualidade, de Segurança, Saúde e Sustentabilidade",Sistema de Proteção contra Descargas Atmosféricas (SPDA),Facil,D,D
SAEP_76994,C10 - Aplicar técnicas de aterramento.,Manter sistemas elétricos de potência,"Considerando as especificações do projeto elétrico de potência, manuais dos equipamentos e catálogos dos fabricantes",Redes de Distribuição,Medio,B,B
SAEP_77014,"C2 - Aplicar simbologias, terminologias e convenções gráficas de sistema elétrico para simulação e elaboração de projetos utilizando recursos digitais.",Projetar sistemas elétricos de potência de acordo com os parâmetros da legislação vigente,Considerando os requisitos da concessionária e características do projeto do cliente/consumidor,Leitura e Interpretação de Desenhos Técnicos,Dificil,A,A
SAEP_77534,C10 - Aplicar técnicas de aterramento.,Manter sistemas elétricos de potência,,Redes de Distribuição,Dificil,B,B
SAEP_77686,C5 - Utilizar instrumentos de medição para instalação e manutenção.,Instalar sistemas elétricos prediais,"Considerando o Projeto Elétrico, Ordens de Serviço e Procedimentos Operacionais",Equipamentos de medição elétrica,Facil,B,B
SAEP_77777,C5 - Utilizar instrumentos de medição para instalação e manutenção.,Manter sistemas elétricos industriais,,Equipamentos de medição elétrica,Medio,A,A
SAEP_77862,C9 - Aplicar normas técnicas e procedimentos de segurança.,Manter sistemas elétricos industriais,,Normas Técnicas e Regulamentações Aplicadas,Facil,A,A
SAEP_78480,C3 - Aplicar cálculos de dimensionamento de sistema elétrico.,Projetar sistemas elétricos industriais,,"Normas Técnicas e Regulamentações Aplicadas, Projeto Elétrico",Medio,A,B
SAEP_79948,"C8 - Especificar materiais, equipamentos e componentes considerando o dimensionamento elétrico e necessidades funcionais da instalação elétrica.",Projetar sistemas elétricos prediais,"Considerando Legislação, Normas Técnicas, de Qualidade, de Segurança, Saúde e Sustentabilidade",Condutores Elétricos,Facil,B,B
Aluno,Matrícula,Desempenho,Acertos,Erros,Tempo de realização,,
Dorberto Adriano Peres de Oliveira,2193144,"79,20%",19,5,00:38:56,,
Identificador,Capacidade,Subfunção,Padrão de desempenho,Conhecimento,Dificuldade,Marcação respondente,Gabarito
SAEP_37667,"C6 - Identificar tipos de componentes, circuitos e suas conexões na implantação de soluções de automação.",Integrar automação aos sistemas elétricos industriais,Considerando as soluções tecnológicas aplicáveis aos processos industriais,Acionamentos Eletroeletrônicos,Medio,A,C
SAEP_50884,C4 - Aplicar técnicas de manutenção conforme componente a ser reparado ou substituído.,Manter sistemas elétricos prediais,"Considerando o Projeto Elétrico, Ordem de Serviço e o Plano de Controle da Manutenção - PCM",Manutenção Elétrica,Medio,B,B
SAEP_54064,C1 - Reconhecer os fundamentos da eletricidade quanto a circuitos de corrente contínua e alternada e grandezas elétricas.,Instalar sistemas elétricos prediais,,Circuitos Elétricos em Corrente Alternada,Medio,B,B
SAEP_54220,C3 - Aplicar cálculos de dimensionamento de sistema elétrico.,Projetar sistemas elétricos prediais,Considerando os requisitos e necessidades do cliente e as características do local do serviço.,Projeto Elétrico,Facil,C,C
SAEP_54323,C5 - Utilizar instrumentos de medição para instalação e manutenção.,Manter sistemas elétricos industriais,"Considerando Legislação, Normas Técnicas, de Qualidade, de Segurança, Saúde e Sustentabilidade",Equipamentos de medição elétrica,Medio,A,A
SAEP_54640,C9 - Aplicar normas técnicas e procedimentos de segurança.,Instalar sistemas elétricos de potência,"Considerando as especificações do projeto elétrico de potência, manuais e catálogos dos equipamentos",Normas Técnicas e Regulamentações Aplicadas,Dificil,B,D
SAEP_54725,C5 - Utilizar instrumentos de medição para instalação e manutenção.,Manter sistemas elétricos de potência,"Considerando Legislação, Normas Técnicas, de Qualidade, de Segurança, Saúde e Sustentabilidade",Equipamentos de medição elétrica,Medio,C,C
SAEP_60004,C1 - Reconhecer os fundamentos da eletricidade quanto a circuitos de corrente contínua e alternada e grandezas elétricas.,Instalar sistemas elétricos prediais,"Considerando o Projeto Elétrico, Ordens de Serviço e Procedimentos Operacionais",Unidades de medidas,Dificil,A,B
SAEP_60269,"C8 - Especificar materiais, equipamentos e componentes considerando o dimensionamento elétrico e necessidades funcionais da instalação elétrica.",Implementar sistemas de energias renováveis,Considerando os requisitos da concessionária e características do projeto do cliente/consumidor,Sistema Fotovoltaico,Medio,B,B
SAEP_60699,C7 - Aplicar técnicas de programação para a automação dos sistemas elétricos industriais.,Integrar automação aos sistemas elétricos industriais,Considerando as soluções tecnológicas aplicáveis aos processos industriais,Acionamentos Eletroeletrônicos,Dificil,C,C
SAEP_67739,C7 - Aplicar técnicas de programação para a automação dos sistemas elétricos industriais.,Integrar automação aos sistemas elétricos industriais,Considerando as soluções tecnológicas aplicáveis aos processos industriais,Controladores Lógicos Programáveis (CLP),Dificil,B,B
SAEP_67787,C4 - Aplicar técnicas de manutenção conforme componente a ser reparado ou substituído.,Manter sistemas elétricos prediais,,Manutenção Elétrica,Facil,C,C
SAEP_69253,"C2 - Aplicar simbologias, terminologias e convenções gráficas de sistema elétrico para simulação e elaboração de projetos utilizando recursos digitais.",Projetar sistemas elétricos prediais,Considerando os requisitos e necessidades do cliente e as características do local do serviço.,Software de Desenho Assistido por Computador (CAD),Medio,A,A
SAEP_76121,"C6 - Identificar tipos de componentes, circuitos e suas conexões na implantação de soluções de automação.",Integrar automação aos sistemas elétricos industriais,,Acionamentos Eletroeletrônicos,Dificil,D,D
SAEP_76593,"C6 - Identificar tipos de componentes, circuitos e suas conexões na implantação de soluções de automação.",Integrar automação aos sistemas elétricos industriais,"Considerando as especificações do projeto industrial, manuais dos equipamentos e catálogos dos fabricantes",Acionamentos Eletroeletrônicos,Facil,D,D
SAEP_76980,C10 - Aplicar técnicas de aterramento.,Projetar sistemas elétricos prediais,"Considerando Legislação, Normas Técnicas, de Qualidade, de Segurança, Saúde e Sustentabilidade",Sistema de Proteção contra Descargas Atmosféricas (SPDA),Facil,D,D
SAEP_76994,C10 - Aplicar técnicas de aterramento.,Manter sistemas elétricos de potência,"Considerando as especificações do projeto elétrico de potência, manuais dos equipamentos e catálogos dos fabricantes",Redes de Distribuição,Medio,B,B
SAEP_77014,"C2 - Aplicar simbologias, terminologias e convenções gráficas de sistema elétrico para simulação e elaboração de projetos utilizando recursos digitais.",Projetar sistemas elétricos de potência de acordo com os parâmetros da legislação vigente,Considerando os requisitos da concessionária e características do projeto do cliente/consumidor,Leitura e Interpretação de Desenhos Técnicos,Dificil,B,A
SAEP_77534,C10 - Aplicar técnicas de aterramento.,Manter sistemas elétricos de potência,,Redes de Distribuição,Dificil,B,B
SAEP_77686,C5 - Utilizar instrumentos de medição para instalação e manutenção.,Instalar sistemas elétricos prediais,"Considerando o Projeto Elétrico, Ordens de Serviço e Procedimentos Operacionais",Equipamentos de medição elétrica,Facil,B,B
SAEP_77777,C5 - Utilizar instrumentos de medição para instalação e manutenção.,Manter sistemas elétricos industriais,,Equipamentos de medição elétrica,Medio,B,A
SAEP_77862,C9 - Aplicar normas técnicas e procedimentos de segurança.,Manter sistemas elétricos industriais,,Normas Técnicas e Regulamentações Aplicadas,Facil,A,A
SAEP_78480,C3 - Aplicar cálculos de dimensionamento de sistema elétrico.,Projetar sistemas elétricos industriais,,"Normas Técnicas e Regulamentações Aplicadas, Projeto Elétrico",Medio,B,B
SAEP_79948,"C8 - Especificar materiais, equipamentos e componentes considerando o dimensionamento elétrico e necessidades funcionais da instalação elétrica.",Projetar sistemas elétricos prediais,"Considerando Legislação, Normas Técnicas, de Qualidade, de Segurança, Saúde e Sustentabilidade",Condutores Elétricos,Facil,B,B
Aluno,Matrícula,Desempenho,Acertos,Erros,Tempo de realização,,
Adriano Sartori,2113742,"79,20%",19,5,00:17:51,,
Identificador,Capacidade,Subfunção,Padrão de desempenho,Conhecimento,Dificuldade,Marcação respondente,Gabarito
SAEP_37667,"C6 - Identificar tipos de componentes, circuitos e suas conexões na implantação de soluções de automação.",Integrar automação aos sistemas elétricos industriais,Considerando as soluções tecnológicas aplicáveis aos processos industriais,Acionamentos Eletroeletrônicos,Medio,C,C
SAEP_50884,C4 - Aplicar técnicas de manutenção conforme componente a ser reparado ou substituído.,Manter sistemas elétricos prediais,"Considerando o Projeto Elétrico, Ordem de Serviço e o Plano de Controle da Manutenção - PCM",Manutenção Elétrica,Medio,A,B
SAEP_54064,C1 - Reconhecer os fundamentos da eletricidade quanto a circuitos de corrente contínua e alternada e grandezas elétricas.,Instalar sistemas elétricos prediais,,Circuitos Elétricos em Corrente Alternada,Medio,B,B
SAEP_54220,C3 - Aplicar cálculos de dimensionamento de sistema elétrico.,Projetar sistemas elétricos prediais,Considerando os requisitos e necessidades do cliente e as características do local do serviço.,Projeto Elétrico,Facil,C,C
SAEP_54323,C5 - Utilizar instrumentos de medição para instalação e manutenção.,Manter sistemas elétricos industriais,"Considerando Legislação, Normas Técnicas, de Qualidade, de Segurança, Saúde e Sustentabilidade",Equipamentos de medição elétrica,Medio,A,A
SAEP_54640,C9 - Aplicar normas técnicas e procedimentos de segurança.,Instalar sistemas elétricos de potência,"Considerando as especificações do projeto elétrico de potência, manuais e catálogos dos equipamentos",Normas Técnicas e Regulamentações Aplicadas,Dificil,B,D
SAEP_54725,C5 - Utilizar instrumentos de medição para instalação e manutenção.,Manter sistemas elétricos de potência,"Considerando Legislação, Normas Técnicas, de Qualidade, de Segurança, Saúde e Sustentabilidade",Equipamentos de medição elétrica,Medio,C,C
SAEP_60004,C1 - Reconhecer os fundamentos da eletricidade quanto a circuitos de corrente contínua e alternada e grandezas elétricas.,Instalar sistemas elétricos prediais,"Considerando o Projeto Elétrico, Ordens de Serviço e Procedimentos Operacionais",Unidades de medidas,Dificil,B,B
SAEP_60269,"C8 - Especificar materiais, equipamentos e componentes considerando o dimensionamento elétrico e necessidades funcionais da instalação elétrica.",Implementar sistemas de energias renováveis,Considerando os requisitos da concessionária e características do projeto do cliente/consumidor,Sistema Fotovoltaico,Medio,B,B
SAEP_60699,C7 - Aplicar técnicas de programação para a automação dos sistemas elétricos industriais.,Integrar automação aos sistemas elétricos industriais,Considerando as soluções tecnológicas aplicáveis aos processos industriais,Acionamentos Eletroeletrônicos,Dificil,C,C
SAEP_67739,C7 - Aplicar técnicas de programação para a automação dos sistemas elétricos industriais.,Integrar automação aos sistemas elétricos industriais,Considerando as soluções tecnológicas aplicáveis aos processos industriais,Controladores Lógicos Programáveis (CLP),Dificil,B,B
SAEP_67787,C4 - Aplicar técnicas de manutenção conforme componente a ser reparado ou substituído.,Manter sistemas elétricos prediais,,Manutenção Elétrica,Facil,C,C
SAEP_69253,"C2 - Aplicar simbologias, terminologias e convenções gráficas de sistema elétrico para simulação e elaboração de projetos utilizando recursos digitais.",Projetar sistemas elétricos prediais,Considerando os requisitos e necessidades do cliente e as características do local do serviço.,Software de Desenho Assistido por Computador (CAD),Medio,B,A
SAEP_76121,"C6 - Identificar tipos de componentes, circuitos e suas conexões na implantação de soluções de automação.",Integrar automação aos sistemas elétricos industriais,,Acionamentos Eletroeletrônicos,Dificil,B,D
SAEP_76593,"C6 - Identificar tipos de componentes, circuitos e suas conexões na implantação de soluções de automação.",Integrar automação aos sistemas elétricos industriais,"Considerando as especificações do projeto industrial, manuais dos equipamentos e catálogos dos fabricantes",Acionamentos Eletroeletrônicos,Facil,A,D
SAEP_76980,C10 - Aplicar técnicas de aterramento.,Projetar sistemas elétricos prediais,"Considerando Legislação, Normas Técnicas, de Qualidade, de Segurança, Saúde e Sustentabilidade",Sistema de Proteção contra Descargas Atmosféricas (SPDA),Facil,D,D
SAEP_76994,C10 - Aplicar técnicas de aterramento.,Manter sistemas elétricos de potência,"Considerando as especificações do projeto elétrico de potência, manuais dos equipamentos e catálogos dos fabricantes",Redes de Distribuição,Medio,B,B
SAEP_77014,"C2 - Aplicar simbologias, terminologias e convenções gráficas de sistema elétrico para simulação e elaboração de projetos utilizando recursos digitais.",Projetar sistemas elétricos de potência de acordo com os parâmetros da legislação vigente,Considerando os requisitos da concessionária e características do projeto do cliente/consumidor,Leitura e Interpretação de Desenhos Técnicos,Dificil,A,A
SAEP_77534,C10 - Aplicar técnicas de aterramento.,Manter sistemas elétricos de potência,,Redes de Distribuição,Dificil,B,B
SAEP_77686,C5 - Utilizar instrumentos de medição para instalação e manutenção.,Instalar sistemas elétricos prediais,"Considerando o Projeto Elétrico, Ordens de Serviço e Procedimentos Operacionais",Equipamentos de medição elétrica,Facil,B,B
SAEP_77777,C5 - Utilizar instrumentos de medição para instalação e manutenção.,Manter sistemas elétricos industriais,,Equipamentos de medição elétrica,Medio,A,A
SAEP_77862,C9 - Aplicar normas técnicas e procedimentos de segurança.,Manter sistemas elétricos industriais,,Normas Técnicas e Regulamentações Aplicadas,Facil,A,A
SAEP_78480,C3 - Aplicar cálculos de dimensionamento de sistema elétrico.,Projetar sistemas elétricos industriais,,"Normas Técnicas e Regulamentações Aplicadas, Projeto Elétrico",Medio,B,B
SAEP_79948,"C8 - Especificar materiais, equipamentos e componentes considerando o dimensionamento elétrico e necessidades funcionais da instalação elétrica.",Projetar sistemas elétricos prediais,"Considerando Legislação, Normas Técnicas, de Qualidade, de Segurança, Saúde e Sustentabilidade",Condutores Elétricos,Facil,B,B
Aluno,Matrícula,Desempenho,Acertos,Erros,Tempo de realização,,
Ederson Felipe Pereira Duarte,2192756,"79,20%",19,5,00:32:25,,
Identificador,Capacidade,Subfunção,Padrão de desempenho,Conhecimento,Dificuldade,Marcação respondente,Gabarito
SAEP_37667,"C6 - Identificar tipos de componentes, circuitos e suas conexões na implantação de soluções de automação.",Integrar automação aos sistemas elétricos industriais,Considerando as soluções tecnológicas aplicáveis aos processos industriais,Acionamentos Eletroeletrônicos,Medio,C,C
SAEP_50884,C4 - Aplicar técnicas de manutenção conforme componente a ser reparado ou substituído.,Manter sistemas elétricos prediais,"Considerando o Projeto Elétrico, Ordem de Serviço e o Plano de Controle da Manutenção - PCM",Manutenção Elétrica,Medio,B,B
SAEP_54064,C1 - Reconhecer os fundamentos da eletricidade quanto a circuitos de corrente contínua e alternada e grandezas elétricas.,Instalar sistemas elétricos prediais,,Circuitos Elétricos em Corrente Alternada,Medio,B,B
SAEP_54220,C3 - Aplicar cálculos de dimensionamento de sistema elétrico.,Projetar sistemas elétricos prediais,Considerando os requisitos e necessidades do cliente e as características do local do serviço.,Projeto Elétrico,Facil,C,C
SAEP_54323,C5 - Utilizar instrumentos de medição para instalação e manutenção.,Manter sistemas elétricos industriais,"Considerando Legislação, Normas Técnicas, de Qualidade, de Segurança, Saúde e Sustentabilidade",Equipamentos de medição elétrica,Medio,A,A
SAEP_54640,C9 - Aplicar normas técnicas e procedimentos de segurança.,Instalar sistemas elétricos de potência,"Considerando as especificações do projeto elétrico de potência, manuais e catálogos dos equipamentos",Normas Técnicas e Regulamentações Aplicadas,Dificil,A,D
SAEP_54725,C5 - Utilizar instrumentos de medição para instalação e manutenção.,Manter sistemas elétricos de potência,"Considerando Legislação, Normas Técnicas, de Qualidade, de Segurança, Saúde e Sustentabilidade",Equipamentos de medição elétrica,Medio,C,C
SAEP_60004,C1 - Reconhecer os fundamentos da eletricidade quanto a circuitos de corrente contínua e alternada e grandezas elétricas.,Instalar sistemas elétricos prediais,"Considerando o Projeto Elétrico, Ordens de Serviço e Procedimentos Operacionais",Unidades de medidas,Dificil,D,B
SAEP_60269,"C8 - Especificar materiais, equipamentos e componentes considerando o dimensionamento elétrico e necessidades funcionais da instalação elétrica.",Implementar sistemas de energias renováveis,Considerando os requisitos da concessionária e características do projeto do cliente/consumidor,Sistema Fotovoltaico,Medio,B,B
SAEP_60699,C7 - Aplicar técnicas de programação para a automação dos sistemas elétricos industriais.,Integrar automação aos sistemas elétricos industriais,Considerando as soluções tecnológicas aplicáveis aos processos industriais,Acionamentos Eletroeletrônicos,Dificil,C,C
SAEP_67739,C7 - Aplicar técnicas de programação para a automação dos sistemas elétricos industriais.,Integrar automação aos sistemas elétricos industriais,Considerando as soluções tecnológicas aplicáveis aos processos industriais,Controladores Lógicos Programáveis (CLP),Dificil,B,B
SAEP_67787,C4 - Aplicar técnicas de manutenção conforme componente a ser reparado ou substituído.,Manter sistemas elétricos prediais,,Manutenção Elétrica,Facil,C,C
SAEP_69253,"C2 - Aplicar simbologias, terminologias e convenções gráficas de sistema elétrico para simulação e elaboração de projetos utilizando recursos digitais.",Projetar sistemas elétricos prediais,Considerando os requisitos e necessidades do cliente e as características do local do serviço.,Software de Desenho Assistido por Computador (CAD),Medio,A,A
SAEP_76121,"C6 - Identificar tipos de componentes, circuitos e suas conexões na implantação de soluções de automação.",Integrar automação aos sistemas elétricos industriais,,Acionamentos Eletroeletrônicos,Dificil,A,D
SAEP_76593,"C6 - Identificar tipos de componentes, circuitos e suas conexões na implantação de soluções de automação.",Integrar automação aos sistemas elétricos industriais,"Considerando as especificações do projeto industrial, manuais dos equipamentos e catálogos dos fabricantes",Acionamentos Eletroeletrônicos,Facil,D,D
SAEP_76980,C10 - Aplicar técnicas de aterramento.,Projetar sistemas elétricos prediais,"Considerando Legislação, Normas Técnicas, de Qualidade, de Segurança, Saúde e Sustentabilidade",Sistema de Proteção contra Descargas Atmosféricas (SPDA),Facil,D,D
SAEP_76994,C10 - Aplicar técnicas de aterramento.,Manter sistemas elétricos de potência,"Considerando as especificações do projeto elétrico de potência, manuais dos equipamentos e catálogos dos fabricantes",Redes de Distribuição,Medio,B,B
SAEP_77014,"C2 - Aplicar simbologias, terminologias e convenções gráficas de sistema elétrico para simulação e elaboração de projetos utilizando recursos digitais.",Projetar sistemas elétricos de potência de acordo com os parâmetros da legislação vigente,Considerando os requisitos da concessionária e características do projeto do cliente/consumidor,Leitura e Interpretação de Desenhos Técnicos,Dificil,A,A
SAEP_77534,C10 - Aplicar técnicas de aterramento.,Manter sistemas elétricos de potência,,Redes de Distribuição,Dificil,B,B
SAEP_77686,C5 - Utilizar instrumentos de medição para instalação e manutenção.,Instalar sistemas elétricos prediais,"Considerando o Projeto Elétrico, Ordens de Serviço e Procedimentos Operacionais",Equipamentos de medição elétrica,Facil,B,B
SAEP_77777,C5 - Utilizar instrumentos de medição para instalação e manutenção.,Manter sistemas elétricos industriais,,Equipamentos de medição elétrica,Medio,B,A
SAEP_77862,C9 - Aplicar normas técnicas e procedimentos de segurança.,Manter sistemas elétricos industriais,,Normas Técnicas e Regulamentações Aplicadas,Facil,A,A
SAEP_78480,C3 - Aplicar cálculos de dimensionamento de sistema elétrico.,Projetar sistemas elétricos industriais,,"Normas Técnicas e Regulamentações Aplicadas, Projeto Elétrico",Medio,A,B
SAEP_79948,"C8 - Especificar materiais, equipamentos e componentes considerando o dimensionamento elétrico e necessidades funcionais da instalação elétrica.",Projetar sistemas elétricos prediais,"Considerando Legislação, Normas Técnicas, de Qualidade, de Segurança, Saúde e Sustentabilidade",Condutores Elétricos,Facil,B,B
Aluno,Matrícula,Desempenho,Acertos,Erros,Tempo de realização,,
Vítor Gabriel Silveira dos Santos,2203586,"75,00%",18,6,00:18:06,,
Identificador,Capacidade,Subfunção,Padrão de desempenho,Conhecimento,Dificuldade,Marcação respondente,Gabarito
SAEP_37667,"C6 - Identificar tipos de componentes, circuitos e suas conexões na implantação de soluções de automação.",Integrar automação aos sistemas elétricos industriais,Considerando as soluções tecnológicas aplicáveis aos processos industriais,Acionamentos Eletroeletrônicos,Medio,C,C
SAEP_50884,C4 - Aplicar técnicas de manutenção conforme componente a ser reparado ou substituído.,Manter sistemas elétricos prediais,"Considerando o Projeto Elétrico, Ordem de Serviço e o Plano de Controle da Manutenção - PCM",Manutenção Elétrica,Medio,B,B
SAEP_54064,C1 - Reconhecer os fundamentos da eletricidade quanto a circuitos de corrente contínua e alternada e grandezas elétricas.,Instalar sistemas elétricos prediais,,Circuitos Elétricos em Corrente Alternada,Medio,B,B
SAEP_54220,C3 - Aplicar cálculos de dimensionamento de sistema elétrico.,Projetar sistemas elétricos prediais,Considerando os requisitos e necessidades do cliente e as características do local do serviço.,Projeto Elétrico,Facil,C,C
SAEP_54323,C5 - Utilizar instrumentos de medição para instalação e manutenção.,Manter sistemas elétricos industriais,"Considerando Legislação, Normas Técnicas, de Qualidade, de Segurança, Saúde e Sustentabilidade",Equipamentos de medição elétrica,Medio,A,A
SAEP_54640,C9 - Aplicar normas técnicas e procedimentos de segurança.,Instalar sistemas elétricos de potência,"Considerando as especificações do projeto elétrico de potência, manuais e catálogos dos equipamentos",Normas Técnicas e Regulamentações Aplicadas,Dificil,C,D
SAEP_54725,C5 - Utilizar instrumentos de medição para instalação e manutenção.,Manter sistemas elétricos de potência,"Considerando Legislação, Normas Técnicas, de Qualidade, de Segurança, Saúde e Sustentabilidade",Equipamentos de medição elétrica,Medio,B,C
SAEP_60004,C1 - Reconhecer os fundamentos da eletricidade quanto a circuitos de corrente contínua e alternada e grandezas elétricas.,Instalar sistemas elétricos prediais,"Considerando o Projeto Elétrico, Ordens de Serviço e Procedimentos Operacionais",Unidades de medidas,Dificil,B,B
SAEP_60269,"C8 - Especificar materiais, equipamentos e componentes considerando o dimensionamento elétrico e necessidades funcionais da instalação elétrica.",Implementar sistemas de energias renováveis,Considerando os requisitos da concessionária e características do projeto do cliente/consumidor,Sistema Fotovoltaico,Medio,B,B
SAEP_60699,C7 - Aplicar técnicas de programação para a automação dos sistemas elétricos industriais.,Integrar automação aos sistemas elétricos industriais,Considerando as soluções tecnológicas aplicáveis aos processos industriais,Acionamentos Eletroeletrônicos,Dificil,C,C
SAEP_67739,C7 - Aplicar técnicas de programação para a automação dos sistemas elétricos industriais.,Integrar automação aos sistemas elétricos industriais,Considerando as soluções tecnológicas aplicáveis aos processos industriais,Controladores Lógicos Programáveis (CLP),Dificil,C,B
SAEP_67787,C4 - Aplicar técnicas de manutenção conforme componente a ser reparado ou substituído.,Manter sistemas elétricos prediais,,Manutenção Elétrica,Facil,C,C
SAEP_69253,"C2 - Aplicar simbologias, terminologias e convenções gráficas de sistema elétrico para simulação e elaboração de projetos utilizando recursos digitais.",Projetar sistemas elétricos prediais,Considerando os requisitos e necessidades do cliente e as características do local do serviço.,Software de Desenho Assistido por Computador (CAD),Medio,D,A
SAEP_76121,"C6 - Identificar tipos de componentes, circuitos e suas conexões na implantação de soluções de automação.",Integrar automação aos sistemas elétricos industriais,,Acionamentos Eletroeletrônicos,Dificil,D,D
SAEP_76593,"C6 - Identificar tipos de componentes, circuitos e suas conexões na implantação de soluções de automação.",Integrar automação aos sistemas elétricos industriais,"Considerando as especificações do projeto industrial, manuais dos equipamentos e catálogos dos fabricantes",Acionamentos Eletroeletrônicos,Facil,D,D
SAEP_76980,C10 - Aplicar técnicas de aterramento.,Projetar sistemas elétricos prediais,"Considerando Legislação, Normas Técnicas, de Qualidade, de Segurança, Saúde e Sustentabilidade",Sistema de Proteção contra Descargas Atmosféricas (SPDA),Facil,D,D
SAEP_76994,C10 - Aplicar técnicas de aterramento.,Manter sistemas elétricos de potência,"Considerando as especificações do projeto elétrico de potência, manuais dos equipamentos e catálogos dos fabricantes",Redes de Distribuição,Medio,B,B
SAEP_77014,"C2 - Aplicar simbologias, terminologias e convenções gráficas de sistema elétrico para simulação e elaboração de projetos utilizando recursos digitais.",Projetar sistemas elétricos de potência de acordo com os parâmetros da legislação vigente,Considerando os requisitos da concessionária e características do projeto do cliente/consumidor,Leitura e Interpretação de Desenhos Técnicos,Dificil,B,A
SAEP_77534,C10 - Aplicar técnicas de aterramento.,Manter sistemas elétricos de potência,,Redes de Distribuição,Dificil,B,B
SAEP_77686,C5 - Utilizar instrumentos de medição para instalação e manutenção.,Instalar sistemas elétricos prediais,"Considerando o Projeto Elétrico, Ordens de Serviço e Procedimentos Operacionais",Equipamentos de medição elétrica,Facil,B,B
SAEP_77777,C5 - Utilizar instrumentos de medição para instalação e manutenção.,Manter sistemas elétricos industriais,,Equipamentos de medição elétrica,Medio,D,A
SAEP_77862,C9 - Aplicar normas técnicas e procedimentos de segurança.,Manter sistemas elétricos industriais,,Normas Técnicas e Regulamentações Aplicadas,Facil,A,A
SAEP_78480,C3 - Aplicar cálculos de dimensionamento de sistema elétrico.,Projetar sistemas elétricos industriais,,"Normas Técnicas e Regulamentações Aplicadas, Projeto Elétrico",Medio,B,B
SAEP_79948,"C8 - Especificar materiais, equipamentos e componentes considerando o dimensionamento elétrico e necessidades funcionais da instalação elétrica.",Projetar sistemas elétricos prediais,"Considerando Legislação, Normas Técnicas, de Qualidade, de Segurança, Saúde e Sustentabilidade",Condutores Elétricos,Facil,B,B
Aluno,Matrícula,Desempenho,Acertos,Erros,Tempo de realização,,
Bruno Leonardo Selzlein Melere,2158947,"75,00%",18,6,00:17:23,,
Identificador,Capacidade,Subfunção,Padrão de desempenho,Conhecimento,Dificuldade,Marcação respondente,Gabarito
SAEP_37667,"C6 - Identificar tipos de componentes, circuitos e suas conexões na implantação de soluções de automação.",Integrar automação aos sistemas elétricos industriais,Considerando as soluções tecnológicas aplicáveis aos processos industriais,Acionamentos Eletroeletrônicos,Medio,C,C
SAEP_50884,C4 - Aplicar técnicas de manutenção conforme componente a ser reparado ou substituído.,Manter sistemas elétricos prediais,"Considerando o Projeto Elétrico, Ordem de Serviço e o Plano de Controle da Manutenção - PCM",Manutenção Elétrica,Medio,B,B
SAEP_54064,C1 - Reconhecer os fundamentos da eletricidade quanto a circuitos de corrente contínua e alternada e grandezas elétricas.,Instalar sistemas elétricos prediais,,Circuitos Elétricos em Corrente Alternada,Medio,B,B
SAEP_54220,C3 - Aplicar cálculos de dimensionamento de sistema elétrico.,Projetar sistemas elétricos prediais,Considerando os requisitos e necessidades do cliente e as características do local do serviço.,Projeto Elétrico,Facil,C,C
SAEP_54323,C5 - Utilizar instrumentos de medição para instalação e manutenção.,Manter sistemas elétricos industriais,"Considerando Legislação, Normas Técnicas, de Qualidade, de Segurança, Saúde e Sustentabilidade",Equipamentos de medição elétrica,Medio,A,A
SAEP_54640,C9 - Aplicar normas técnicas e procedimentos de segurança.,Instalar sistemas elétricos de potência,"Considerando as especificações do projeto elétrico de potência, manuais e catálogos dos equipamentos",Normas Técnicas e Regulamentações Aplicadas,Dificil,B,D
SAEP_54725,C5 - Utilizar instrumentos de medição para instalação e manutenção.,Manter sistemas elétricos de potência,"Considerando Legislação, Normas Técnicas, de Qualidade, de Segurança, Saúde e Sustentabilidade",Equipamentos de medição elétrica,Medio,C,C
SAEP_60004,C1 - Reconhecer os fundamentos da eletricidade quanto a circuitos de corrente contínua e alternada e grandezas elétricas.,Instalar sistemas elétricos prediais,"Considerando o Projeto Elétrico, Ordens de Serviço e Procedimentos Operacionais",Unidades de medidas,Dificil,B,B
SAEP_60269,"C8 - Especificar materiais, equipamentos e componentes considerando o dimensionamento elétrico e necessidades funcionais da instalação elétrica.",Implementar sistemas de energias renováveis,Considerando os requisitos da concessionária e características do projeto do cliente/consumidor,Sistema Fotovoltaico,Medio,B,B
SAEP_60699,C7 - Aplicar técnicas de programação para a automação dos sistemas elétricos industriais.,Integrar automação aos sistemas elétricos industriais,Considerando as soluções tecnológicas aplicáveis aos processos industriais,Acionamentos Eletroeletrônicos,Dificil,C,C
SAEP_67739,C7 - Aplicar técnicas de programação para a automação dos sistemas elétricos industriais.,Integrar automação aos sistemas elétricos industriais,Considerando as soluções tecnológicas aplicáveis aos processos industriais,Controladores Lógicos Programáveis (CLP),Dificil,B,B
SAEP_67787,C4 - Aplicar técnicas de manutenção conforme componente a ser reparado ou substituído.,Manter sistemas elétricos prediais,,Manutenção Elétrica,Facil,C,C
SAEP_69253,"C2 - Aplicar simbologias, terminologias e convenções gráficas de sistema elétrico para simulação e elaboração de projetos utilizando recursos digitais.",Projetar sistemas elétricos prediais,Considerando os requisitos e necessidades do cliente e as características do local do serviço.,Software de Desenho Assistido por Computador (CAD),Medio,A,A
SAEP_76121,"C6 - Identificar tipos de componentes, circuitos e suas conexões na implantação de soluções de automação.",Integrar automação aos sistemas elétricos industriais,,Acionamentos Eletroeletrônicos,Dificil,B,D
SAEP_76593,"C6 - Identificar tipos de componentes, circuitos e suas conexões na implantação de soluções de automação.",Integrar automação aos sistemas elétricos industriais,"Considerando as especificações do projeto industrial, manuais dos equipamentos e catálogos dos fabricantes",Acionamentos Eletroeletrônicos,Facil,A,D
SAEP_76980,C10 - Aplicar técnicas de aterramento.,Projetar sistemas elétricos prediais,"Considerando Legislação, Normas Técnicas, de Qualidade, de Segurança, Saúde e Sustentabilidade",Sistema de Proteção contra Descargas Atmosféricas (SPDA),Facil,D,D
SAEP_76994,C10 - Aplicar técnicas de aterramento.,Manter sistemas elétricos de potência,"Considerando as especificações do projeto elétrico de potência, manuais dos equipamentos e catálogos dos fabricantes",Redes de Distribuição,Medio,B,B
SAEP_77014,"C2 - Aplicar simbologias, terminologias e convenções gráficas de sistema elétrico para simulação e elaboração de projetos utilizando recursos digitais.",Projetar sistemas elétricos de potência de acordo com os parâmetros da legislação vigente,Considerando os requisitos da concessionária e características do projeto do cliente/consumidor,Leitura e Interpretação de Desenhos Técnicos,Dificil,A,A
SAEP_77534,C10 - Aplicar técnicas de aterramento.,Manter sistemas elétricos de potência,,Redes de Distribuição,Dificil,B,B
SAEP_77686,C5 - Utilizar instrumentos de medição para instalação e manutenção.,Instalar sistemas elétricos prediais,"Considerando o Projeto Elétrico, Ordens de Serviço e Procedimentos Operacionais",Equipamentos de medição elétrica,Facil,A,B
SAEP_77777,C5 - Utilizar instrumentos de medição para instalação e manutenção.,Manter sistemas elétricos industriais,,Equipamentos de medição elétrica,Medio,D,A
SAEP_77862,C9 - Aplicar normas técnicas e procedimentos de segurança.,Manter sistemas elétricos industriais,,Normas Técnicas e Regulamentações Aplicadas,Facil,A,A
SAEP_78480,C3 - Aplicar cálculos de dimensionamento de sistema elétrico.,Projetar sistemas elétricos industriais,,"Normas Técnicas e Regulamentações Aplicadas, Projeto Elétrico",Medio,A,B
SAEP_79948,"C8 - Especificar materiais, equipamentos e componentes considerando o dimensionamento elétrico e necessidades funcionais da instalação elétrica.",Projetar sistemas elétricos prediais,"Considerando Legislação, Normas Técnicas, de Qualidade, de Segurança, Saúde e Sustentabilidade",Condutores Elétricos,Facil,B,B
Aluno,Matrícula,Desempenho,Acertos,Erros,Tempo de realização,,
Vinicius Bizinela Meneghini,2149338,"70,80%",17,7,00:32:25,,
Identificador,Capacidade,Subfunção,Padrão de desempenho,Conhecimento,Dificuldade,Marcação respondente,Gabarito
SAEP_37667,"C6 - Identificar tipos de componentes, circuitos e suas conexões na implantação de soluções de automação.",Integrar automação aos sistemas elétricos industriais,Considerando as soluções tecnológicas aplicáveis aos processos industriais,Acionamentos Eletroeletrônicos,Medio,C,C
SAEP_50884,C4 - Aplicar técnicas de manutenção conforme componente a ser reparado ou substituído.,Manter sistemas elétricos prediais,"Considerando o Projeto Elétrico, Ordem de Serviço e o Plano de Controle da Manutenção - PCM",Manutenção Elétrica,Medio,A,B
SAEP_54064,C1 - Reconhecer os fundamentos da eletricidade quanto a circuitos de corrente contínua e alternada e grandezas elétricas.,Instalar sistemas elétricos prediais,,Circuitos Elétricos em Corrente Alternada,Medio,B,B
SAEP_54220,C3 - Aplicar cálculos de dimensionamento de sistema elétrico.,Projetar sistemas elétricos prediais,Considerando os requisitos e necessidades do cliente e as características do local do serviço.,Projeto Elétrico,Facil,C,C
SAEP_54323,C5 - Utilizar instrumentos de medição para instalação e manutenção.,Manter sistemas elétricos industriais,"Considerando Legislação, Normas Técnicas, de Qualidade, de Segurança, Saúde e Sustentabilidade",Equipamentos de medição elétrica,Medio,A,A
SAEP_54640,C9 - Aplicar normas técnicas e procedimentos de segurança.,Instalar sistemas elétricos de potência,"Considerando as especificações do projeto elétrico de potência, manuais e catálogos dos equipamentos",Normas Técnicas e Regulamentações Aplicadas,Dificil,B,D
SAEP_54725,C5 - Utilizar instrumentos de medição para instalação e manutenção.,Manter sistemas elétricos de potência,"Considerando Legislação, Normas Técnicas, de Qualidade, de Segurança, Saúde e Sustentabilidade",Equipamentos de medição elétrica,Medio,C,C
SAEP_60004,C1 - Reconhecer os fundamentos da eletricidade quanto a circuitos de corrente contínua e alternada e grandezas elétricas.,Instalar sistemas elétricos prediais,"Considerando o Projeto Elétrico, Ordens de Serviço e Procedimentos Operacionais",Unidades de medidas,Dificil,D,B
SAEP_60269,"C8 - Especificar materiais, equipamentos e componentes considerando o dimensionamento elétrico e necessidades funcionais da instalação elétrica.",Implementar sistemas de energias renováveis,Considerando os requisitos da concessionária e características do projeto do cliente/consumidor,Sistema Fotovoltaico,Medio,B,B
SAEP_60699,C7 - Aplicar técnicas de programação para a automação dos sistemas elétricos industriais.,Integrar automação aos sistemas elétricos industriais,Considerando as soluções tecnológicas aplicáveis aos processos industriais,Acionamentos Eletroeletrônicos,Dificil,C,C
SAEP_67739,C7 - Aplicar técnicas de programação para a automação dos sistemas elétricos industriais.,Integrar automação aos sistemas elétricos industriais,Considerando as soluções tecnológicas aplicáveis aos processos industriais,Controladores Lógicos Programáveis (CLP),Dificil,B,B
SAEP_67787,C4 - Aplicar técnicas de manutenção conforme componente a ser reparado ou substituído.,Manter sistemas elétricos prediais,,Manutenção Elétrica,Facil,C,C
SAEP_69253,"C2 - Aplicar simbologias, terminologias e convenções gráficas de sistema elétrico para simulação e elaboração de projetos utilizando recursos digitais.",Projetar sistemas elétricos prediais,Considerando os requisitos e necessidades do cliente e as características do local do serviço.,Software de Desenho Assistido por Computador (CAD),Medio,A,A
SAEP_76121,"C6 - Identificar tipos de componentes, circuitos e suas conexões na implantação de soluções de automação.",Integrar automação aos sistemas elétricos industriais,,Acionamentos Eletroeletrônicos,Dificil,B,D
SAEP_76593,"C6 - Identificar tipos de componentes, circuitos e suas conexões na implantação de soluções de automação.",Integrar automação aos sistemas elétricos industriais,"Considerando as especificações do projeto industrial, manuais dos equipamentos e catálogos dos fabricantes",Acionamentos Eletroeletrônicos,Facil,A,D
SAEP_76980,C10 - Aplicar técnicas de aterramento.,Projetar sistemas elétricos prediais,"Considerando Legislação, Normas Técnicas, de Qualidade, de Segurança, Saúde e Sustentabilidade",Sistema de Proteção contra Descargas Atmosféricas (SPDA),Facil,D,D
SAEP_76994,C10 - Aplicar técnicas de aterramento.,Manter sistemas elétricos de potência,"Considerando as especificações do projeto elétrico de potência, manuais dos equipamentos e catálogos dos fabricantes",Redes de Distribuição,Medio,B,B
SAEP_77014,"C2 - Aplicar simbologias, terminologias e convenções gráficas de sistema elétrico para simulação e elaboração de projetos utilizando recursos digitais.",Projetar sistemas elétricos de potência de acordo com os parâmetros da legislação vigente,Considerando os requisitos da concessionária e características do projeto do cliente/consumidor,Leitura e Interpretação de Desenhos Técnicos,Dificil,A,A
SAEP_77534,C10 - Aplicar técnicas de aterramento.,Manter sistemas elétricos de potência,,Redes de Distribuição,Dificil,A,B
SAEP_77686,C5 - Utilizar instrumentos de medição para instalação e manutenção.,Instalar sistemas elétricos prediais,"Considerando o Projeto Elétrico, Ordens de Serviço e Procedimentos Operacionais",Equipamentos de medição elétrica,Facil,B,B
SAEP_77777,C5 - Utilizar instrumentos de medição para instalação e manutenção.,Manter sistemas elétricos industriais,,Equipamentos de medição elétrica,Medio,C,A
SAEP_77862,C9 - Aplicar normas técnicas e procedimentos de segurança.,Manter sistemas elétricos industriais,,Normas Técnicas e Regulamentações Aplicadas,Facil,A,A
SAEP_78480,C3 - Aplicar cálculos de dimensionamento de sistema elétrico.,Projetar sistemas elétricos industriais,,"Normas Técnicas e Regulamentações Aplicadas, Projeto Elétrico",Medio,B,B
SAEP_79948,"C8 - Especificar materiais, equipamentos e componentes considerando o dimensionamento elétrico e necessidades funcionais da instalação elétrica.",Projetar sistemas elétricos prediais,"Considerando Legislação, Normas Técnicas, de Qualidade, de Segurança, Saúde e Sustentabilidade",Condutores Elétricos,Facil,B,B
Aluno,Matrícula,Desempenho,Acertos,Erros,Tempo de realização,,
Erick Sauer,2112339,"70,80%",17,7,00:35:21,,
Identificador,Capacidade,Subfunção,Padrão de desempenho,Conhecimento,Dificuldade,Marcação respondente,Gabarito
SAEP_37667,"C6 - Identificar tipos de componentes, circuitos e suas conexões na implantação de soluções de automação.",Integrar automação aos sistemas elétricos industriais,Considerando as soluções tecnológicas aplicáveis aos processos industriais,Acionamentos Eletroeletrônicos,Medio,C,C
SAEP_50884,C4 - Aplicar técnicas de manutenção conforme componente a ser reparado ou substituído.,Manter sistemas elétricos prediais,"Considerando o Projeto Elétrico, Ordem de Serviço e o Plano de Controle da Manutenção - PCM",Manutenção Elétrica,Medio,B,B
SAEP_54064,C1 - Reconhecer os fundamentos da eletricidade quanto a circuitos de corrente contínua e alternada e grandezas elétricas.,Instalar sistemas elétricos prediais,,Circuitos Elétricos em Corrente Alternada,Medio,B,B
SAEP_54220,C3 - Aplicar cálculos de dimensionamento de sistema elétrico.,Projetar sistemas elétricos prediais,Considerando os requisitos e necessidades do cliente e as características do local do serviço.,Projeto Elétrico,Facil,C,C
SAEP_54323,C5 - Utilizar instrumentos de medição para instalação e manutenção.,Manter sistemas elétricos industriais,"Considerando Legislação, Normas Técnicas, de Qualidade, de Segurança, Saúde e Sustentabilidade",Equipamentos de medição elétrica,Medio,A,A
SAEP_54640,C9 - Aplicar normas técnicas e procedimentos de segurança.,Instalar sistemas elétricos de potência,"Considerando as especificações do projeto elétrico de potência, manuais e catálogos dos equipamentos",Normas Técnicas e Regulamentações Aplicadas,Dificil,A,D
SAEP_54725,C5 - Utilizar instrumentos de medição para instalação e manutenção.,Manter sistemas elétricos de potência,"Considerando Legislação, Normas Técnicas, de Qualidade, de Segurança, Saúde e Sustentabilidade",Equipamentos de medição elétrica,Medio,B,C
SAEP_60004,C1 - Reconhecer os fundamentos da eletricidade quanto a circuitos de corrente contínua e alternada e grandezas elétricas.,Instalar sistemas elétricos prediais,"Considerando o Projeto Elétrico, Ordens de Serviço e Procedimentos Operacionais",Unidades de medidas,Dificil,D,B
SAEP_60269,"C8 - Especificar materiais, equipamentos e componentes considerando o dimensionamento elétrico e necessidades funcionais da instalação elétrica.",Implementar sistemas de energias renováveis,Considerando os requisitos da concessionária e características do projeto do cliente/consumidor,Sistema Fotovoltaico,Medio,B,B
SAEP_60699,C7 - Aplicar técnicas de programação para a automação dos sistemas elétricos industriais.,Integrar automação aos sistemas elétricos industriais,Considerando as soluções tecnológicas aplicáveis aos processos industriais,Acionamentos Eletroeletrônicos,Dificil,C,C
SAEP_67739,C7 - Aplicar técnicas de programação para a automação dos sistemas elétricos industriais.,Integrar automação aos sistemas elétricos industriais,Considerando as soluções tecnológicas aplicáveis aos processos industriais,Controladores Lógicos Programáveis (CLP),Dificil,A,B
SAEP_67787,C4 - Aplicar técnicas de manutenção conforme componente a ser reparado ou substituído.,Manter sistemas elétricos prediais,,Manutenção Elétrica,Facil,C,C
SAEP_69253,"C2 - Aplicar simbologias, terminologias e convenções gráficas de sistema elétrico para simulação e elaboração de projetos utilizando recursos digitais.",Projetar sistemas elétricos prediais,Considerando os requisitos e necessidades do cliente e as características do local do serviço.,Software de Desenho Assistido por Computador (CAD),Medio,A,A
SAEP_76121,"C6 - Identificar tipos de componentes, circuitos e suas conexões na implantação de soluções de automação.",Integrar automação aos sistemas elétricos industriais,,Acionamentos Eletroeletrônicos,Dificil,B,D
SAEP_76593,"C6 - Identificar tipos de componentes, circuitos e suas conexões na implantação de soluções de automação.",Integrar automação aos sistemas elétricos industriais,"Considerando as especificações do projeto industrial, manuais dos equipamentos e catálogos dos fabricantes",Acionamentos Eletroeletrônicos,Facil,A,D
SAEP_76980,C10 - Aplicar técnicas de aterramento.,Projetar sistemas elétricos prediais,"Considerando Legislação, Normas Técnicas, de Qualidade, de Segurança, Saúde e Sustentabilidade",Sistema de Proteção contra Descargas Atmosféricas (SPDA),Facil,D,D
SAEP_76994,C10 - Aplicar técnicas de aterramento.,Manter sistemas elétricos de potência,"Considerando as especificações do projeto elétrico de potência, manuais dos equipamentos e catálogos dos fabricantes",Redes de Distribuição,Medio,B,B
SAEP_77014,"C2 - Aplicar simbologias, terminologias e convenções gráficas de sistema elétrico para simulação e elaboração de projetos utilizando recursos digitais.",Projetar sistemas elétricos de potência de acordo com os parâmetros da legislação vigente,Considerando os requisitos da concessionária e características do projeto do cliente/consumidor,Leitura e Interpretação de Desenhos Técnicos,Dificil,A,A
SAEP_77534,C10 - Aplicar técnicas de aterramento.,Manter sistemas elétricos de potência,,Redes de Distribuição,Dificil,A,B
SAEP_77686,C5 - Utilizar instrumentos de medição para instalação e manutenção.,Instalar sistemas elétricos prediais,"Considerando o Projeto Elétrico, Ordens de Serviço e Procedimentos Operacionais",Equipamentos de medição elétrica,Facil,B,B
SAEP_77777,C5 - Utilizar instrumentos de medição para instalação e manutenção.,Manter sistemas elétricos industriais,,Equipamentos de medição elétrica,Medio,A,A
SAEP_77862,C9 - Aplicar normas técnicas e procedimentos de segurança.,Manter sistemas elétricos industriais,,Normas Técnicas e Regulamentações Aplicadas,Facil,A,A
SAEP_78480,C3 - Aplicar cálculos de dimensionamento de sistema elétrico.,Projetar sistemas elétricos industriais,,"Normas Técnicas e Regulamentações Aplicadas, Projeto Elétrico",Medio,B,B
SAEP_79948,"C8 - Especificar materiais, equipamentos e componentes considerando o dimensionamento elétrico e necessidades funcionais da instalação elétrica.",Projetar sistemas elétricos prediais,"Considerando Legislação, Normas Técnicas, de Qualidade, de Segurança, Saúde e Sustentabilidade",Condutores Elétricos,Facil,B,B
Aluno,Matrícula,Desempenho,Acertos,Erros,Tempo de realização,,
Maria Eduarda Lokstein,2184967,"70,80%",17,7,00:17:25,,
Identificador,Capacidade,Subfunção,Padrão de desempenho,Conhecimento,Dificuldade,Marcação respondente,Gabarito
SAEP_37667,"C6 - Identificar tipos de componentes, circuitos e suas conexões na implantação de soluções de automação.",Integrar automação aos sistemas elétricos industriais,Considerando as soluções tecnológicas aplicáveis aos processos industriais,Acionamentos Eletroeletrônicos,Medio,C,C
SAEP_50884,C4 - Aplicar técnicas de manutenção conforme componente a ser reparado ou substituído.,Manter sistemas elétricos prediais,"Considerando o Projeto Elétrico, Ordem de Serviço e o Plano de Controle da Manutenção - PCM",Manutenção Elétrica,Medio,B,B
SAEP_54064,C1 - Reconhecer os fundamentos da eletricidade quanto a circuitos de corrente contínua e alternada e grandezas elétricas.,Instalar sistemas elétricos prediais,,Circuitos Elétricos em Corrente Alternada,Medio,B,B
SAEP_54220,C3 - Aplicar cálculos de dimensionamento de sistema elétrico.,Projetar sistemas elétricos prediais,Considerando os requisitos e necessidades do cliente e as características do local do serviço.,Projeto Elétrico,Facil,C,C
SAEP_54323,C5 - Utilizar instrumentos de medição para instalação e manutenção.,Manter sistemas elétricos industriais,"Considerando Legislação, Normas Técnicas, de Qualidade, de Segurança, Saúde e Sustentabilidade",Equipamentos de medição elétrica,Medio,A,A
SAEP_54640,C9 - Aplicar normas técnicas e procedimentos de segurança.,Instalar sistemas elétricos de potência,"Considerando as especificações do projeto elétrico de potência, manuais e catálogos dos equipamentos",Normas Técnicas e Regulamentações Aplicadas,Dificil,B,D
SAEP_54725,C5 - Utilizar instrumentos de medição para instalação e manutenção.,Manter sistemas elétricos de potência,"Considerando Legislação, Normas Técnicas, de Qualidade, de Segurança, Saúde e Sustentabilidade",Equipamentos de medição elétrica,Medio,C,C
SAEP_60004,C1 - Reconhecer os fundamentos da eletricidade quanto a circuitos de corrente contínua e alternada e grandezas elétricas.,Instalar sistemas elétricos prediais,"Considerando o Projeto Elétrico, Ordens de Serviço e Procedimentos Operacionais",Unidades de medidas,Dificil,B,B
SAEP_60269,"C8 - Especificar materiais, equipamentos e componentes considerando o dimensionamento elétrico e necessidades funcionais da instalação elétrica.",Implementar sistemas de energias renováveis,Considerando os requisitos da concessionária e características do projeto do cliente/consumidor,Sistema Fotovoltaico,Medio,B,B
SAEP_60699,C7 - Aplicar técnicas de programação para a automação dos sistemas elétricos industriais.,Integrar automação aos sistemas elétricos industriais,Considerando as soluções tecnológicas aplicáveis aos processos industriais,Acionamentos Eletroeletrônicos,Dificil,C,C
SAEP_67739,C7 - Aplicar técnicas de programação para a automação dos sistemas elétricos industriais.,Integrar automação aos sistemas elétricos industriais,Considerando as soluções tecnológicas aplicáveis aos processos industriais,Controladores Lógicos Programáveis (CLP),Dificil,B,B
SAEP_67787,C4 - Aplicar técnicas de manutenção conforme componente a ser reparado ou substituído.,Manter sistemas elétricos prediais,,Manutenção Elétrica,Facil,C,C
SAEP_69253,"C2 - Aplicar simbologias, terminologias e convenções gráficas de sistema elétrico para simulação e elaboração de projetos utilizando recursos digitais.",Projetar sistemas elétricos prediais,Considerando os requisitos e necessidades do cliente e as características do local do serviço.,Software de Desenho Assistido por Computador (CAD),Medio,A,A
SAEP_76121,"C6 - Identificar tipos de componentes, circuitos e suas conexões na implantação de soluções de automação.",Integrar automação aos sistemas elétricos industriais,,Acionamentos Eletroeletrônicos,Dificil,B,D
SAEP_76593,"C6 - Identificar tipos de componentes, circuitos e suas conexões na implantação de soluções de automação.",Integrar automação aos sistemas elétricos industriais,"Considerando as especificações do projeto industrial, manuais dos equipamentos e catálogos dos fabricantes",Acionamentos Eletroeletrônicos,Facil,A,D
SAEP_76980,C10 - Aplicar técnicas de aterramento.,Projetar sistemas elétricos prediais,"Considerando Legislação, Normas Técnicas, de Qualidade, de Segurança, Saúde e Sustentabilidade",Sistema de Proteção contra Descargas Atmosféricas (SPDA),Facil,D,D
SAEP_76994,C10 - Aplicar técnicas de aterramento.,Manter sistemas elétricos de potência,"Considerando as especificações do projeto elétrico de potência, manuais dos equipamentos e catálogos dos fabricantes",Redes de Distribuição,Medio,B,B
SAEP_77014,"C2 - Aplicar simbologias, terminologias e convenções gráficas de sistema elétrico para simulação e elaboração de projetos utilizando recursos digitais.",Projetar sistemas elétricos de potência de acordo com os parâmetros da legislação vigente,Considerando os requisitos da concessionária e características do projeto do cliente/consumidor,Leitura e Interpretação de Desenhos Técnicos,Dificil,C,A
SAEP_77534,C10 - Aplicar técnicas de aterramento.,Manter sistemas elétricos de potência,,Redes de Distribuição,Dificil,B,B
SAEP_77686,C5 - Utilizar instrumentos de medição para instalação e manutenção.,Instalar sistemas elétricos prediais,"Considerando o Projeto Elétrico, Ordens de Serviço e Procedimentos Operacionais",Equipamentos de medição elétrica,Facil,A,B
SAEP_77777,C5 - Utilizar instrumentos de medição para instalação e manutenção.,Manter sistemas elétricos industriais,,Equipamentos de medição elétrica,Medio,D,A
SAEP_77862,C9 - Aplicar normas técnicas e procedimentos de segurança.,Manter sistemas elétricos industriais,,Normas Técnicas e Regulamentações Aplicadas,Facil,A,A
SAEP_78480,C3 - Aplicar cálculos de dimensionamento de sistema elétrico.,Projetar sistemas elétricos industriais,,"Normas Técnicas e Regulamentações Aplicadas, Projeto Elétrico",Medio,A,B
SAEP_79948,"C8 - Especificar materiais, equipamentos e componentes considerando o dimensionamento elétrico e necessidades funcionais da instalação elétrica.",Projetar sistemas elétricos prediais,"Considerando Legislação, Normas Técnicas, de Qualidade, de Segurança, Saúde e Sustentabilidade",Condutores Elétricos,Facil,B,B
Aluno,Matrícula,Desempenho,Acertos,Erros,Tempo de realização,,
Eduardo Bresciani Burghardt,2144581,"70,80%",17,7,00:21:32,,
Identificador,Capacidade,Subfunção,Padrão de desempenho,Conhecimento,Dificuldade,Marcação respondente,Gabarito
SAEP_37667,"C6 - Identificar tipos de componentes, circuitos e suas conexões na implantação de soluções de automação.",Integrar automação aos sistemas elétricos industriais,Considerando as soluções tecnológicas aplicáveis aos processos industriais,Acionamentos Eletroeletrônicos,Medio,C,C
SAEP_50884,C4 - Aplicar técnicas de manutenção conforme componente a ser reparado ou substituído.,Manter sistemas elétricos prediais,"Considerando o Projeto Elétrico, Ordem de Serviço e o Plano de Controle da Manutenção - PCM",Manutenção Elétrica,Medio,B,B
SAEP_54064,C1 - Reconhecer os fundamentos da eletricidade quanto a circuitos de corrente contínua e alternada e grandezas elétricas.,Instalar sistemas elétricos prediais,,Circuitos Elétricos em Corrente Alternada,Medio,B,B
SAEP_54220,C3 - Aplicar cálculos de dimensionamento de sistema elétrico.,Projetar sistemas elétricos prediais,Considerando os requisitos e necessidades do cliente e as características do local do serviço.,Projeto Elétrico,Facil,C,C
SAEP_54323,C5 - Utilizar instrumentos de medição para instalação e manutenção.,Manter sistemas elétricos industriais,"Considerando Legislação, Normas Técnicas, de Qualidade, de Segurança, Saúde e Sustentabilidade",Equipamentos de medição elétrica,Medio,A,A
SAEP_54640,C9 - Aplicar normas técnicas e procedimentos de segurança.,Instalar sistemas elétricos de potência,"Considerando as especificações do projeto elétrico de potência, manuais e catálogos dos equipamentos",Normas Técnicas e Regulamentações Aplicadas,Dificil,B,D
SAEP_54725,C5 - Utilizar instrumentos de medição para instalação e manutenção.,Manter sistemas elétricos de potência,"Considerando Legislação, Normas Técnicas, de Qualidade, de Segurança, Saúde e Sustentabilidade",Equipamentos de medição elétrica,Medio,C,C
SAEP_60004,C1 - Reconhecer os fundamentos da eletricidade quanto a circuitos de corrente contínua e alternada e grandezas elétricas.,Instalar sistemas elétricos prediais,"Considerando o Projeto Elétrico, Ordens de Serviço e Procedimentos Operacionais",Unidades de medidas,Dificil,B,B
SAEP_60269,"C8 - Especificar materiais, equipamentos e componentes considerando o dimensionamento elétrico e necessidades funcionais da instalação elétrica.",Implementar sistemas de energias renováveis,Considerando os requisitos da concessionária e características do projeto do cliente/consumidor,Sistema Fotovoltaico,Medio,B,B
SAEP_60699,C7 - Aplicar técnicas de programação para a automação dos sistemas elétricos industriais.,Integrar automação aos sistemas elétricos industriais,Considerando as soluções tecnológicas aplicáveis aos processos industriais,Acionamentos Eletroeletrônicos,Dificil,C,C
SAEP_67739,C7 - Aplicar técnicas de programação para a automação dos sistemas elétricos industriais.,Integrar automação aos sistemas elétricos industriais,Considerando as soluções tecnológicas aplicáveis aos processos industriais,Controladores Lógicos Programáveis (CLP),Dificil,A,B
SAEP_67787,C4 - Aplicar técnicas de manutenção conforme componente a ser reparado ou substituído.,Manter sistemas elétricos prediais,,Manutenção Elétrica,Facil,C,C
SAEP_69253,"C2 - Aplicar simbologias, terminologias e convenções gráficas de sistema elétrico para simulação e elaboração de projetos utilizando recursos digitais.",Projetar sistemas elétricos prediais,Considerando os requisitos e necessidades do cliente e as características do local do serviço.,Software de Desenho Assistido por Computador (CAD),Medio,A,A
SAEP_76121,"C6 - Identificar tipos de componentes, circuitos e suas conexões na implantação de soluções de automação.",Integrar automação aos sistemas elétricos industriais,,Acionamentos Eletroeletrônicos,Dificil,B,D
SAEP_76593,"C6 - Identificar tipos de componentes, circuitos e suas conexões na implantação de soluções de automação.",Integrar automação aos sistemas elétricos industriais,"Considerando as especificações do projeto industrial, manuais dos equipamentos e catálogos dos fabricantes",Acionamentos Eletroeletrônicos,Facil,D,D
SAEP_76980,C10 - Aplicar técnicas de aterramento.,Projetar sistemas elétricos prediais,"Considerando Legislação, Normas Técnicas, de Qualidade, de Segurança, Saúde e Sustentabilidade",Sistema de Proteção contra Descargas Atmosféricas (SPDA),Facil,D,D
SAEP_76994,C10 - Aplicar técnicas de aterramento.,Manter sistemas elétricos de potência,"Considerando as especificações do projeto elétrico de potência, manuais dos equipamentos e catálogos dos fabricantes",Redes de Distribuição,Medio,B,B
SAEP_77014,"C2 - Aplicar simbologias, terminologias e convenções gráficas de sistema elétrico para simulação e elaboração de projetos utilizando recursos digitais.",Projetar sistemas elétricos de potência de acordo com os parâmetros da legislação vigente,Considerando os requisitos da concessionária e características do projeto do cliente/consumidor,Leitura e Interpretação de Desenhos Técnicos,Dificil,D,A
SAEP_77534,C10 - Aplicar técnicas de aterramento.,Manter sistemas elétricos de potência,,Redes de Distribuição,Dificil,A,B
SAEP_77686,C5 - Utilizar instrumentos de medição para instalação e manutenção.,Instalar sistemas elétricos prediais,"Considerando o Projeto Elétrico, Ordens de Serviço e Procedimentos Operacionais",Equipamentos de medição elétrica,Facil,B,B
SAEP_77777,C5 - Utilizar instrumentos de medição para instalação e manutenção.,Manter sistemas elétricos industriais,,Equipamentos de medição elétrica,Medio,B,A
SAEP_77862,C9 - Aplicar normas técnicas e procedimentos de segurança.,Manter sistemas elétricos industriais,,Normas Técnicas e Regulamentações Aplicadas,Facil,A,A
SAEP_78480,C3 - Aplicar cálculos de dimensionamento de sistema elétrico.,Projetar sistemas elétricos industriais,,"Normas Técnicas e Regulamentações Aplicadas, Projeto Elétrico",Medio,A,B
SAEP_79948,"C8 - Especificar materiais, equipamentos e componentes considerando o dimensionamento elétrico e necessidades funcionais da instalação elétrica.",Projetar sistemas elétricos prediais,"Considerando Legislação, Normas Técnicas, de Qualidade, de Segurança, Saúde e Sustentabilidade",Condutores Elétricos,Facil,B,B
Aluno,Matrícula,Desempenho,Acertos,Erros,Tempo de realização,,
Ysmael Henrique dos Santos,2200786,"66,70%",16,8,00:15:17,,
Identificador,Capacidade,Subfunção,Padrão de desempenho,Conhecimento,Dificuldade,Marcação respondente,Gabarito
SAEP_37667,"C6 - Identificar tipos de componentes, circuitos e suas conexões na implantação de soluções de automação.",Integrar automação aos sistemas elétricos industriais,Considerando as soluções tecnológicas aplicáveis aos processos industriais,Acionamentos Eletroeletrônicos,Medio,C,C
SAEP_50884,C4 - Aplicar técnicas de manutenção conforme componente a ser reparado ou substituído.,Manter sistemas elétricos prediais,"Considerando o Projeto Elétrico, Ordem de Serviço e o Plano de Controle da Manutenção - PCM",Manutenção Elétrica,Medio,B,B
SAEP_54064,C1 - Reconhecer os fundamentos da eletricidade quanto a circuitos de corrente contínua e alternada e grandezas elétricas.,Instalar sistemas elétricos prediais,,Circuitos Elétricos em Corrente Alternada,Medio,B,B
SAEP_54220,C3 - Aplicar cálculos de dimensionamento de sistema elétrico.,Projetar sistemas elétricos prediais,Considerando os requisitos e necessidades do cliente e as características do local do serviço.,Projeto Elétrico,Facil,C,C
SAEP_54323,C5 - Utilizar instrumentos de medição para instalação e manutenção.,Manter sistemas elétricos industriais,"Considerando Legislação, Normas Técnicas, de Qualidade, de Segurança, Saúde e Sustentabilidade",Equipamentos de medição elétrica,Medio,A,A
SAEP_54640,C9 - Aplicar normas técnicas e procedimentos de segurança.,Instalar sistemas elétricos de potência,"Considerando as especificações do projeto elétrico de potência, manuais e catálogos dos equipamentos",Normas Técnicas e Regulamentações Aplicadas,Dificil,C,D
SAEP_54725,C5 - Utilizar instrumentos de medição para instalação e manutenção.,Manter sistemas elétricos de potência,"Considerando Legislação, Normas Técnicas, de Qualidade, de Segurança, Saúde e Sustentabilidade",Equipamentos de medição elétrica,Medio,B,C
SAEP_60004,C1 - Reconhecer os fundamentos da eletricidade quanto a circuitos de corrente contínua e alternada e grandezas elétricas.,Instalar sistemas elétricos prediais,"Considerando o Projeto Elétrico, Ordens de Serviço e Procedimentos Operacionais",Unidades de medidas,Dificil,B,B
SAEP_60269,"C8 - Especificar materiais, equipamentos e componentes considerando o dimensionamento elétrico e necessidades funcionais da instalação elétrica.",Implementar sistemas de energias renováveis,Considerando os requisitos da concessionária e características do projeto do cliente/consumidor,Sistema Fotovoltaico,Medio,B,B
SAEP_60699,C7 - Aplicar técnicas de programação para a automação dos sistemas elétricos industriais.,Integrar automação aos sistemas elétricos industriais,Considerando as soluções tecnológicas aplicáveis aos processos industriais,Acionamentos Eletroeletrônicos,Dificil,D,C
SAEP_67739,C7 - Aplicar técnicas de programação para a automação dos sistemas elétricos industriais.,Integrar automação aos sistemas elétricos industriais,Considerando as soluções tecnológicas aplicáveis aos processos industriais,Controladores Lógicos Programáveis (CLP),Dificil,B,B
SAEP_67787,C4 - Aplicar técnicas de manutenção conforme componente a ser reparado ou substituído.,Manter sistemas elétricos prediais,,Manutenção Elétrica,Facil,C,C
SAEP_69253,"C2 - Aplicar simbologias, terminologias e convenções gráficas de sistema elétrico para simulação e elaboração de projetos utilizando recursos digitais.",Projetar sistemas elétricos prediais,Considerando os requisitos e necessidades do cliente e as características do local do serviço.,Software de Desenho Assistido por Computador (CAD),Medio,A,A
SAEP_76121,"C6 - Identificar tipos de componentes, circuitos e suas conexões na implantação de soluções de automação.",Integrar automação aos sistemas elétricos industriais,,Acionamentos Eletroeletrônicos,Dificil,A,D
SAEP_76593,"C6 - Identificar tipos de componentes, circuitos e suas conexões na implantação de soluções de automação.",Integrar automação aos sistemas elétricos industriais,"Considerando as especificações do projeto industrial, manuais dos equipamentos e catálogos dos fabricantes",Acionamentos Eletroeletrônicos,Facil,A,D
SAEP_76980,C10 - Aplicar técnicas de aterramento.,Projetar sistemas elétricos prediais,"Considerando Legislação, Normas Técnicas, de Qualidade, de Segurança, Saúde e Sustentabilidade",Sistema de Proteção contra Descargas Atmosféricas (SPDA),Facil,A,D
SAEP_76994,C10 - Aplicar técnicas de aterramento.,Manter sistemas elétricos de potência,"Considerando as especificações do projeto elétrico de potência, manuais dos equipamentos e catálogos dos fabricantes",Redes de Distribuição,Medio,B,B
SAEP_77014,"C2 - Aplicar simbologias, terminologias e convenções gráficas de sistema elétrico para simulação e elaboração de projetos utilizando recursos digitais.",Projetar sistemas elétricos de potência de acordo com os parâmetros da legislação vigente,Considerando os requisitos da concessionária e características do projeto do cliente/consumidor,Leitura e Interpretação de Desenhos Técnicos,Dificil,B,A
SAEP_77534,C10 - Aplicar técnicas de aterramento.,Manter sistemas elétricos de potência,,Redes de Distribuição,Dificil,B,B
SAEP_77686,C5 - Utilizar instrumentos de medição para instalação e manutenção.,Instalar sistemas elétricos prediais,"Considerando o Projeto Elétrico, Ordens de Serviço e Procedimentos Operacionais",Equipamentos de medição elétrica,Facil,B,B
SAEP_77777,C5 - Utilizar instrumentos de medição para instalação e manutenção.,Manter sistemas elétricos industriais,,Equipamentos de medição elétrica,Medio,C,A
SAEP_77862,C9 - Aplicar normas técnicas e procedimentos de segurança.,Manter sistemas elétricos industriais,,Normas Técnicas e Regulamentações Aplicadas,Facil,A,A
SAEP_78480,C3 - Aplicar cálculos de dimensionamento de sistema elétrico.,Projetar sistemas elétricos industriais,,"Normas Técnicas e Regulamentações Aplicadas, Projeto Elétrico",Medio,B,B
SAEP_79948,"C8 - Especificar materiais, equipamentos e componentes considerando o dimensionamento elétrico e necessidades funcionais da instalação elétrica.",Projetar sistemas elétricos prediais,"Considerando Legislação, Normas Técnicas, de Qualidade, de Segurança, Saúde e Sustentabilidade",Condutores Elétricos,Facil,B,B
Aluno,Matrícula,Desempenho,Acertos,Erros,Tempo de realização,,
Felipe Nesi Ansiliero,2195165,"66,70%",16,8,00:25:17,,
Identificador,Capacidade,Subfunção,Padrão de desempenho,Conhecimento,Dificuldade,Marcação respondente,Gabarito
SAEP_37667,"C6 - Identificar tipos de componentes, circuitos e suas conexões na implantação de soluções de automação.",Integrar automação aos sistemas elétricos industriais,Considerando as soluções tecnológicas aplicáveis aos processos industriais,Acionamentos Eletroeletrônicos,Medio,C,C
SAEP_50884,C4 - Aplicar técnicas de manutenção conforme componente a ser reparado ou substituído.,Manter sistemas elétricos prediais,"Considerando o Projeto Elétrico, Ordem de Serviço e o Plano de Controle da Manutenção - PCM",Manutenção Elétrica,Medio,B,B
SAEP_54064,C1 - Reconhecer os fundamentos da eletricidade quanto a circuitos de corrente contínua e alternada e grandezas elétricas.,Instalar sistemas elétricos prediais,,Circuitos Elétricos em Corrente Alternada,Medio,C,B
SAEP_54220,C3 - Aplicar cálculos de dimensionamento de sistema elétrico.,Projetar sistemas elétricos prediais,Considerando os requisitos e necessidades do cliente e as características do local do serviço.,Projeto Elétrico,Facil,C,C
SAEP_54323,C5 - Utilizar instrumentos de medição para instalação e manutenção.,Manter sistemas elétricos industriais,"Considerando Legislação, Normas Técnicas, de Qualidade, de Segurança, Saúde e Sustentabilidade",Equipamentos de medição elétrica,Medio,C,A
SAEP_54640,C9 - Aplicar normas técnicas e procedimentos de segurança.,Instalar sistemas elétricos de potência,"Considerando as especificações do projeto elétrico de potência, manuais e catálogos dos equipamentos",Normas Técnicas e Regulamentações Aplicadas,Dificil,B,D
SAEP_54725,C5 - Utilizar instrumentos de medição para instalação e manutenção.,Manter sistemas elétricos de potência,"Considerando Legislação, Normas Técnicas, de Qualidade, de Segurança, Saúde e Sustentabilidade",Equipamentos de medição elétrica,Medio,C,C
SAEP_60004,C1 - Reconhecer os fundamentos da eletricidade quanto a circuitos de corrente contínua e alternada e grandezas elétricas.,Instalar sistemas elétricos prediais,"Considerando o Projeto Elétrico, Ordens de Serviço e Procedimentos Operacionais",Unidades de medidas,Dificil,B,B
SAEP_60269,"C8 - Especificar materiais, equipamentos e componentes considerando o dimensionamento elétrico e necessidades funcionais da instalação elétrica.",Implementar sistemas de energias renováveis,Considerando os requisitos da concessionária e características do projeto do cliente/consumidor,Sistema Fotovoltaico,Medio,B,B
SAEP_60699,C7 - Aplicar técnicas de programação para a automação dos sistemas elétricos industriais.,Integrar automação aos sistemas elétricos industriais,Considerando as soluções tecnológicas aplicáveis aos processos industriais,Acionamentos Eletroeletrônicos,Dificil,C,C
SAEP_67739,C7 - Aplicar técnicas de programação para a automação dos sistemas elétricos industriais.,Integrar automação aos sistemas elétricos industriais,Considerando as soluções tecnológicas aplicáveis aos processos industriais,Controladores Lógicos Programáveis (CLP),Dificil,B,B
SAEP_67787,C4 - Aplicar técnicas de manutenção conforme componente a ser reparado ou substituído.,Manter sistemas elétricos prediais,,Manutenção Elétrica,Facil,C,C
SAEP_69253,"C2 - Aplicar simbologias, terminologias e convenções gráficas de sistema elétrico para simulação e elaboração de projetos utilizando recursos digitais.",Projetar sistemas elétricos prediais,Considerando os requisitos e necessidades do cliente e as características do local do serviço.,Software de Desenho Assistido por Computador (CAD),Medio,A,A
SAEP_76121,"C6 - Identificar tipos de componentes, circuitos e suas conexões na implantação de soluções de automação.",Integrar automação aos sistemas elétricos industriais,,Acionamentos Eletroeletrônicos,Dificil,C,D
SAEP_76593,"C6 - Identificar tipos de componentes, circuitos e suas conexões na implantação de soluções de automação.",Integrar automação aos sistemas elétricos industriais,"Considerando as especificações do projeto industrial, manuais dos equipamentos e catálogos dos fabricantes",Acionamentos Eletroeletrônicos,Facil,A,D
SAEP_76980,C10 - Aplicar técnicas de aterramento.,Projetar sistemas elétricos prediais,"Considerando Legislação, Normas Técnicas, de Qualidade, de Segurança, Saúde e Sustentabilidade",Sistema de Proteção contra Descargas Atmosféricas (SPDA),Facil,D,D
SAEP_76994,C10 - Aplicar técnicas de aterramento.,Manter sistemas elétricos de potência,"Considerando as especificações do projeto elétrico de potência, manuais dos equipamentos e catálogos dos fabricantes",Redes de Distribuição,Medio,B,B
SAEP_77014,"C2 - Aplicar simbologias, terminologias e convenções gráficas de sistema elétrico para simulação e elaboração de projetos utilizando recursos digitais.",Projetar sistemas elétricos de potência de acordo com os parâmetros da legislação vigente,Considerando os requisitos da concessionária e características do projeto do cliente/consumidor,Leitura e Interpretação de Desenhos Técnicos,Dificil,C,A
SAEP_77534,C10 - Aplicar técnicas de aterramento.,Manter sistemas elétricos de potência,,Redes de Distribuição,Dificil,B,B
SAEP_77686,C5 - Utilizar instrumentos de medição para instalação e manutenção.,Instalar sistemas elétricos prediais,"Considerando o Projeto Elétrico, Ordens de Serviço e Procedimentos Operacionais",Equipamentos de medição elétrica,Facil,B,B
SAEP_77777,C5 - Utilizar instrumentos de medição para instalação e manutenção.,Manter sistemas elétricos industriais,,Equipamentos de medição elétrica,Medio,B,A
SAEP_77862,C9 - Aplicar normas técnicas e procedimentos de segurança.,Manter sistemas elétricos industriais,,Normas Técnicas e Regulamentações Aplicadas,Facil,A,A
SAEP_78480,C3 - Aplicar cálculos de dimensionamento de sistema elétrico.,Projetar sistemas elétricos industriais,,"Normas Técnicas e Regulamentações Aplicadas, Projeto Elétrico",Medio,A,B
SAEP_79948,"C8 - Especificar materiais, equipamentos e componentes considerando o dimensionamento elétrico e necessidades funcionais da instalação elétrica.",Projetar sistemas elétricos prediais,"Considerando Legislação, Normas Técnicas, de Qualidade, de Segurança, Saúde e Sustentabilidade",Condutores Elétricos,Facil,B,B
Aluno,Matrícula,Desempenho,Acertos,Erros,Tempo de realização,,
Augusto Rhoden Sauthier,2184009,"62,50%",15,9,00:10:54,,
Identificador,Capacidade,Subfunção,Padrão de desempenho,Conhecimento,Dificuldade,Marcação respondente,Gabarito
SAEP_37667,"C6 - Identificar tipos de componentes, circuitos e suas conexões na implantação de soluções de automação.",Integrar automação aos sistemas elétricos industriais,Considerando as soluções tecnológicas aplicáveis aos processos industriais,Acionamentos Eletroeletrônicos,Medio,C,C
SAEP_50884,C4 - Aplicar técnicas de manutenção conforme componente a ser reparado ou substituído.,Manter sistemas elétricos prediais,"Considerando o Projeto Elétrico, Ordem de Serviço e o Plano de Controle da Manutenção - PCM",Manutenção Elétrica,Medio,B,B
SAEP_54064,C1 - Reconhecer os fundamentos da eletricidade quanto a circuitos de corrente contínua e alternada e grandezas elétricas.,Instalar sistemas elétricos prediais,,Circuitos Elétricos em Corrente Alternada,Medio,B,B
SAEP_54220,C3 - Aplicar cálculos de dimensionamento de sistema elétrico.,Projetar sistemas elétricos prediais,Considerando os requisitos e necessidades do cliente e as características do local do serviço.,Projeto Elétrico,Facil,C,C
SAEP_54323,C5 - Utilizar instrumentos de medição para instalação e manutenção.,Manter sistemas elétricos industriais,"Considerando Legislação, Normas Técnicas, de Qualidade, de Segurança, Saúde e Sustentabilidade",Equipamentos de medição elétrica,Medio,A,A
SAEP_54640,C9 - Aplicar normas técnicas e procedimentos de segurança.,Instalar sistemas elétricos de potência,"Considerando as especificações do projeto elétrico de potência, manuais e catálogos dos equipamentos",Normas Técnicas e Regulamentações Aplicadas,Dificil,C,D
SAEP_54725,C5 - Utilizar instrumentos de medição para instalação e manutenção.,Manter sistemas elétricos de potência,"Considerando Legislação, Normas Técnicas, de Qualidade, de Segurança, Saúde e Sustentabilidade",Equipamentos de medição elétrica,Medio,C,C
SAEP_60004,C1 - Reconhecer os fundamentos da eletricidade quanto a circuitos de corrente contínua e alternada e grandezas elétricas.,Instalar sistemas elétricos prediais,"Considerando o Projeto Elétrico, Ordens de Serviço e Procedimentos Operacionais",Unidades de medidas,Dificil,B,B
SAEP_60269,"C8 - Especificar materiais, equipamentos e componentes considerando o dimensionamento elétrico e necessidades funcionais da instalação elétrica.",Implementar sistemas de energias renováveis,Considerando os requisitos da concessionária e características do projeto do cliente/consumidor,Sistema Fotovoltaico,Medio,B,B
SAEP_60699,C7 - Aplicar técnicas de programação para a automação dos sistemas elétricos industriais.,Integrar automação aos sistemas elétricos industriais,Considerando as soluções tecnológicas aplicáveis aos processos industriais,Acionamentos Eletroeletrônicos,Dificil,C,C
SAEP_67739,C7 - Aplicar técnicas de programação para a automação dos sistemas elétricos industriais.,Integrar automação aos sistemas elétricos industriais,Considerando as soluções tecnológicas aplicáveis aos processos industriais,Controladores Lógicos Programáveis (CLP),Dificil,C,B
SAEP_67787,C4 - Aplicar técnicas de manutenção conforme componente a ser reparado ou substituído.,Manter sistemas elétricos prediais,,Manutenção Elétrica,Facil,D,C
SAEP_69253,"C2 - Aplicar simbologias, terminologias e convenções gráficas de sistema elétrico para simulação e elaboração de projetos utilizando recursos digitais.",Projetar sistemas elétricos prediais,Considerando os requisitos e necessidades do cliente e as características do local do serviço.,Software de Desenho Assistido por Computador (CAD),Medio,B,A
SAEP_76121,"C6 - Identificar tipos de componentes, circuitos e suas conexões na implantação de soluções de automação.",Integrar automação aos sistemas elétricos industriais,,Acionamentos Eletroeletrônicos,Dificil,A,D
SAEP_76593,"C6 - Identificar tipos de componentes, circuitos e suas conexões na implantação de soluções de automação.",Integrar automação aos sistemas elétricos industriais,"Considerando as especificações do projeto industrial, manuais dos equipamentos e catálogos dos fabricantes",Acionamentos Eletroeletrônicos,Facil,D,D
SAEP_76980,C10 - Aplicar técnicas de aterramento.,Projetar sistemas elétricos prediais,"Considerando Legislação, Normas Técnicas, de Qualidade, de Segurança, Saúde e Sustentabilidade",Sistema de Proteção contra Descargas Atmosféricas (SPDA),Facil,D,D
SAEP_76994,C10 - Aplicar técnicas de aterramento.,Manter sistemas elétricos de potência,"Considerando as especificações do projeto elétrico de potência, manuais dos equipamentos e catálogos dos fabricantes",Redes de Distribuição,Medio,B,B
SAEP_77014,"C2 - Aplicar simbologias, terminologias e convenções gráficas de sistema elétrico para simulação e elaboração de projetos utilizando recursos digitais.",Projetar sistemas elétricos de potência de acordo com os parâmetros da legislação vigente,Considerando os requisitos da concessionária e características do projeto do cliente/consumidor,Leitura e Interpretação de Desenhos Técnicos,Dificil,B,A
SAEP_77534,C10 - Aplicar técnicas de aterramento.,Manter sistemas elétricos de potência,,Redes de Distribuição,Dificil,A,B
SAEP_77686,C5 - Utilizar instrumentos de medição para instalação e manutenção.,Instalar sistemas elétricos prediais,"Considerando o Projeto Elétrico, Ordens de Serviço e Procedimentos Operacionais",Equipamentos de medição elétrica,Facil,B,B
SAEP_77777,C5 - Utilizar instrumentos de medição para instalação e manutenção.,Manter sistemas elétricos industriais,,Equipamentos de medição elétrica,Medio,B,A
SAEP_77862,C9 - Aplicar normas técnicas e procedimentos de segurança.,Manter sistemas elétricos industriais,,Normas Técnicas e Regulamentações Aplicadas,Facil,A,A
SAEP_78480,C3 - Aplicar cálculos de dimensionamento de sistema elétrico.,Projetar sistemas elétricos industriais,,"Normas Técnicas e Regulamentações Aplicadas, Projeto Elétrico",Medio,A,B
SAEP_79948,"C8 - Especificar materiais, equipamentos e componentes considerando o dimensionamento elétrico e necessidades funcionais da instalação elétrica.",Projetar sistemas elétricos prediais,"Considerando Legislação, Normas Técnicas, de Qualidade, de Segurança, Saúde e Sustentabilidade",Condutores Elétricos,Facil,B,B
Aluno,Matrícula,Desempenho,Acertos,Erros,Tempo de realização,,
Cesar Kieling,2205313,"62,50%",15,9,00:48:30,,
Identificador,Capacidade,Subfunção,Padrão de desempenho,Conhecimento,Dificuldade,Marcação respondente,Gabarito
SAEP_37667,"C6 - Identificar tipos de componentes, circuitos e suas conexões na implantação de soluções de automação.",Integrar automação aos sistemas elétricos industriais,Considerando as soluções tecnológicas aplicáveis aos processos industriais,Acionamentos Eletroeletrônicos,Medio,C,C
SAEP_50884,C4 - Aplicar técnicas de manutenção conforme componente a ser reparado ou substituído.,Manter sistemas elétricos prediais,"Considerando o Projeto Elétrico, Ordem de Serviço e o Plano de Controle da Manutenção - PCM",Manutenção Elétrica,Medio,B,B
SAEP_54064,C1 - Reconhecer os fundamentos da eletricidade quanto a circuitos de corrente contínua e alternada e grandezas elétricas.,Instalar sistemas elétricos prediais,,Circuitos Elétricos em Corrente Alternada,Medio,D,B
SAEP_54220,C3 - Aplicar cálculos de dimensionamento de sistema elétrico.,Projetar sistemas elétricos prediais,Considerando os requisitos e necessidades do cliente e as características do local do serviço.,Projeto Elétrico,Facil,C,C
SAEP_54323,C5 - Utilizar instrumentos de medição para instalação e manutenção.,Manter sistemas elétricos industriais,"Considerando Legislação, Normas Técnicas, de Qualidade, de Segurança, Saúde e Sustentabilidade",Equipamentos de medição elétrica,Medio,C,A
SAEP_54640,C9 - Aplicar normas técnicas e procedimentos de segurança.,Instalar sistemas elétricos de potência,"Considerando as especificações do projeto elétrico de potência, manuais e catálogos dos equipamentos",Normas Técnicas e Regulamentações Aplicadas,Dificil,B,D
SAEP_54725,C5 - Utilizar instrumentos de medição para instalação e manutenção.,Manter sistemas elétricos de potência,"Considerando Legislação, Normas Técnicas, de Qualidade, de Segurança, Saúde e Sustentabilidade",Equipamentos de medição elétrica,Medio,C,C
SAEP_60004,C1 - Reconhecer os fundamentos da eletricidade quanto a circuitos de corrente contínua e alternada e grandezas elétricas.,Instalar sistemas elétricos prediais,"Considerando o Projeto Elétrico, Ordens de Serviço e Procedimentos Operacionais",Unidades de medidas,Dificil,C,B
SAEP_60269,"C8 - Especificar materiais, equipamentos e componentes considerando o dimensionamento elétrico e necessidades funcionais da instalação elétrica.",Implementar sistemas de energias renováveis,Considerando os requisitos da concessionária e características do projeto do cliente/consumidor,Sistema Fotovoltaico,Medio,B,B
SAEP_60699,C7 - Aplicar técnicas de programação para a automação dos sistemas elétricos industriais.,Integrar automação aos sistemas elétricos industriais,Considerando as soluções tecnológicas aplicáveis aos processos industriais,Acionamentos Eletroeletrônicos,Dificil,A,C
SAEP_67739,C7 - Aplicar técnicas de programação para a automação dos sistemas elétricos industriais.,Integrar automação aos sistemas elétricos industriais,Considerando as soluções tecnológicas aplicáveis aos processos industriais,Controladores Lógicos Programáveis (CLP),Dificil,B,B
SAEP_67787,C4 - Aplicar técnicas de manutenção conforme componente a ser reparado ou substituído.,Manter sistemas elétricos prediais,,Manutenção Elétrica,Facil,C,C
SAEP_69253,"C2 - Aplicar simbologias, terminologias e convenções gráficas de sistema elétrico para simulação e elaboração de projetos utilizando recursos digitais.",Projetar sistemas elétricos prediais,Considerando os requisitos e necessidades do cliente e as características do local do serviço.,Software de Desenho Assistido por Computador (CAD),Medio,A,A
SAEP_76121,"C6 - Identificar tipos de componentes, circuitos e suas conexões na implantação de soluções de automação.",Integrar automação aos sistemas elétricos industriais,,Acionamentos Eletroeletrônicos,Dificil,C,D
SAEP_76593,"C6 - Identificar tipos de componentes, circuitos e suas conexões na implantação de soluções de automação.",Integrar automação aos sistemas elétricos industriais,"Considerando as especificações do projeto industrial, manuais dos equipamentos e catálogos dos fabricantes",Acionamentos Eletroeletrônicos,Facil,A,D
SAEP_76980,C10 - Aplicar técnicas de aterramento.,Projetar sistemas elétricos prediais,"Considerando Legislação, Normas Técnicas, de Qualidade, de Segurança, Saúde e Sustentabilidade",Sistema de Proteção contra Descargas Atmosféricas (SPDA),Facil,D,D
SAEP_76994,C10 - Aplicar técnicas de aterramento.,Manter sistemas elétricos de potência,"Considerando as especificações do projeto elétrico de potência, manuais dos equipamentos e catálogos dos fabricantes",Redes de Distribuição,Medio,B,B
SAEP_77014,"C2 - Aplicar simbologias, terminologias e convenções gráficas de sistema elétrico para simulação e elaboração de projetos utilizando recursos digitais.",Projetar sistemas elétricos de potência de acordo com os parâmetros da legislação vigente,Considerando os requisitos da concessionária e características do projeto do cliente/consumidor,Leitura e Interpretação de Desenhos Técnicos,Dificil,D,A
SAEP_77534,C10 - Aplicar técnicas de aterramento.,Manter sistemas elétricos de potência,,Redes de Distribuição,Dificil,B,B
SAEP_77686,C5 - Utilizar instrumentos de medição para instalação e manutenção.,Instalar sistemas elétricos prediais,"Considerando o Projeto Elétrico, Ordens de Serviço e Procedimentos Operacionais",Equipamentos de medição elétrica,Facil,B,B
SAEP_77777,C5 - Utilizar instrumentos de medição para instalação e manutenção.,Manter sistemas elétricos industriais,,Equipamentos de medição elétrica,Medio,B,A
SAEP_77862,C9 - Aplicar normas técnicas e procedimentos de segurança.,Manter sistemas elétricos industriais,,Normas Técnicas e Regulamentações Aplicadas,Facil,A,A
SAEP_78480,C3 - Aplicar cálculos de dimensionamento de sistema elétrico.,Projetar sistemas elétricos industriais,,"Normas Técnicas e Regulamentações Aplicadas, Projeto Elétrico",Medio,B,B
SAEP_79948,"C8 - Especificar materiais, equipamentos e componentes considerando o dimensionamento elétrico e necessidades funcionais da instalação elétrica.",Projetar sistemas elétricos prediais,"Considerando Legislação, Normas Técnicas, de Qualidade, de Segurança, Saúde e Sustentabilidade",Condutores Elétricos,Facil,B,B
Aluno,Matrícula,Desempenho,Acertos,Erros,Tempo de realização,,
Maria Luiza Arenhart,2152702,"58,30%",14,10,00:16:23,,
Identificador,Capacidade,Subfunção,Padrão de desempenho,Conhecimento,Dificuldade,Marcação respondente,Gabarito
SAEP_37667,"C6 - Identificar tipos de componentes, circuitos e suas conexões na implantação de soluções de automação.",Integrar automação aos sistemas elétricos industriais,Considerando as soluções tecnológicas aplicáveis aos processos industriais,Acionamentos Eletroeletrônicos,Medio,C,C
SAEP_50884,C4 - Aplicar técnicas de manutenção conforme componente a ser reparado ou substituído.,Manter sistemas elétricos prediais,"Considerando o Projeto Elétrico, Ordem de Serviço e o Plano de Controle da Manutenção - PCM",Manutenção Elétrica,Medio,A,B
SAEP_54064,C1 - Reconhecer os fundamentos da eletricidade quanto a circuitos de corrente contínua e alternada e grandezas elétricas.,Instalar sistemas elétricos prediais,,Circuitos Elétricos em Corrente Alternada,Medio,B,B
SAEP_54220,C3 - Aplicar cálculos de dimensionamento de sistema elétrico.,Projetar sistemas elétricos prediais,Considerando os requisitos e necessidades do cliente e as características do local do serviço.,Projeto Elétrico,Facil,C,C
SAEP_54323,C5 - Utilizar instrumentos de medição para instalação e manutenção.,Manter sistemas elétricos industriais,"Considerando Legislação, Normas Técnicas, de Qualidade, de Segurança, Saúde e Sustentabilidade",Equipamentos de medição elétrica,Medio,A,A
SAEP_54640,C9 - Aplicar normas técnicas e procedimentos de segurança.,Instalar sistemas elétricos de potência,"Considerando as especificações do projeto elétrico de potência, manuais e catálogos dos equipamentos",Normas Técnicas e Regulamentações Aplicadas,Dificil,C,D
SAEP_54725,C5 - Utilizar instrumentos de medição para instalação e manutenção.,Manter sistemas elétricos de potência,"Considerando Legislação, Normas Técnicas, de Qualidade, de Segurança, Saúde e Sustentabilidade",Equipamentos de medição elétrica,Medio,B,C
SAEP_60004,C1 - Reconhecer os fundamentos da eletricidade quanto a circuitos de corrente contínua e alternada e grandezas elétricas.,Instalar sistemas elétricos prediais,"Considerando o Projeto Elétrico, Ordens de Serviço e Procedimentos Operacionais",Unidades de medidas,Dificil,B,B
SAEP_60269,"C8 - Especificar materiais, equipamentos e componentes considerando o dimensionamento elétrico e necessidades funcionais da instalação elétrica.",Implementar sistemas de energias renováveis,Considerando os requisitos da concessionária e características do projeto do cliente/consumidor,Sistema Fotovoltaico,Medio,B,B
SAEP_60699,C7 - Aplicar técnicas de programação para a automação dos sistemas elétricos industriais.,Integrar automação aos sistemas elétricos industriais,Considerando as soluções tecnológicas aplicáveis aos processos industriais,Acionamentos Eletroeletrônicos,Dificil,D,C
SAEP_67739,C7 - Aplicar técnicas de programação para a automação dos sistemas elétricos industriais.,Integrar automação aos sistemas elétricos industriais,Considerando as soluções tecnológicas aplicáveis aos processos industriais,Controladores Lógicos Programáveis (CLP),Dificil,B,B
SAEP_67787,C4 - Aplicar técnicas de manutenção conforme componente a ser reparado ou substituído.,Manter sistemas elétricos prediais,,Manutenção Elétrica,Facil,C,C
SAEP_69253,"C2 - Aplicar simbologias, terminologias e convenções gráficas de sistema elétrico para simulação e elaboração de projetos utilizando recursos digitais.",Projetar sistemas elétricos prediais,Considerando os requisitos e necessidades do cliente e as características do local do serviço.,Software de Desenho Assistido por Computador (CAD),Medio,B,A
SAEP_76121,"C6 - Identificar tipos de componentes, circuitos e suas conexões na implantação de soluções de automação.",Integrar automação aos sistemas elétricos industriais,,Acionamentos Eletroeletrônicos,Dificil,C,D
SAEP_76593,"C6 - Identificar tipos de componentes, circuitos e suas conexões na implantação de soluções de automação.",Integrar automação aos sistemas elétricos industriais,"Considerando as especificações do projeto industrial, manuais dos equipamentos e catálogos dos fabricantes",Acionamentos Eletroeletrônicos,Facil,D,D
SAEP_76980,C10 - Aplicar técnicas de aterramento.,Projetar sistemas elétricos prediais,"Considerando Legislação, Normas Técnicas, de Qualidade, de Segurança, Saúde e Sustentabilidade",Sistema de Proteção contra Descargas Atmosféricas (SPDA),Facil,D,D
SAEP_76994,C10 - Aplicar técnicas de aterramento.,Manter sistemas elétricos de potência,"Considerando as especificações do projeto elétrico de potência, manuais dos equipamentos e catálogos dos fabricantes",Redes de Distribuição,Medio,D,B
SAEP_77014,"C2 - Aplicar simbologias, terminologias e convenções gráficas de sistema elétrico para simulação e elaboração de projetos utilizando recursos digitais.",Projetar sistemas elétricos de potência de acordo com os parâmetros da legislação vigente,Considerando os requisitos da concessionária e características do projeto do cliente/consumidor,Leitura e Interpretação de Desenhos Técnicos,Dificil,A,A
SAEP_77534,C10 - Aplicar técnicas de aterramento.,Manter sistemas elétricos de potência,,Redes de Distribuição,Dificil,C,B
SAEP_77686,C5 - Utilizar instrumentos de medição para instalação e manutenção.,Instalar sistemas elétricos prediais,"Considerando o Projeto Elétrico, Ordens de Serviço e Procedimentos Operacionais",Equipamentos de medição elétrica,Facil,A,B
SAEP_77777,C5 - Utilizar instrumentos de medição para instalação e manutenção.,Manter sistemas elétricos industriais,,Equipamentos de medição elétrica,Medio,B,A
SAEP_77862,C9 - Aplicar normas técnicas e procedimentos de segurança.,Manter sistemas elétricos industriais,,Normas Técnicas e Regulamentações Aplicadas,Facil,A,A
SAEP_78480,C3 - Aplicar cálculos de dimensionamento de sistema elétrico.,Projetar sistemas elétricos industriais,,"Normas Técnicas e Regulamentações Aplicadas, Projeto Elétrico",Medio,B,B
SAEP_79948,"C8 - Especificar materiais, equipamentos e componentes considerando o dimensionamento elétrico e necessidades funcionais da instalação elétrica.",Projetar sistemas elétricos prediais,"Considerando Legislação, Normas Técnicas, de Qualidade, de Segurança, Saúde e Sustentabilidade",Condutores Elétricos,Facil,B,B
Aluno,Matrícula,Desempenho,Acertos,Erros,Tempo de realização,,
Caique Candido Tonial,2182712,"58,30%",14,10,00:29:40,,
Identificador,Capacidade,Subfunção,Padrão de desempenho,Conhecimento,Dificuldade,Marcação respondente,Gabarito
SAEP_37667,"C6 - Identificar tipos de componentes, circuitos e suas conexões na implantação de soluções de automação.",Integrar automação aos sistemas elétricos industriais,Considerando as soluções tecnológicas aplicáveis aos processos industriais,Acionamentos Eletroeletrônicos,Medio,C,C
SAEP_50884,C4 - Aplicar técnicas de manutenção conforme componente a ser reparado ou substituído.,Manter sistemas elétricos prediais,"Considerando o Projeto Elétrico, Ordem de Serviço e o Plano de Controle da Manutenção - PCM",Manutenção Elétrica,Medio,B,B
SAEP_54064,C1 - Reconhecer os fundamentos da eletricidade quanto a circuitos de corrente contínua e alternada e grandezas elétricas.,Instalar sistemas elétricos prediais,,Circuitos Elétricos em Corrente Alternada,Medio,A,B
SAEP_54220,C3 - Aplicar cálculos de dimensionamento de sistema elétrico.,Projetar sistemas elétricos prediais,Considerando os requisitos e necessidades do cliente e as características do local do serviço.,Projeto Elétrico,Facil,C,C
SAEP_54323,C5 - Utilizar instrumentos de medição para instalação e manutenção.,Manter sistemas elétricos industriais,"Considerando Legislação, Normas Técnicas, de Qualidade, de Segurança, Saúde e Sustentabilidade",Equipamentos de medição elétrica,Medio,C,A
SAEP_54640,C9 - Aplicar normas técnicas e procedimentos de segurança.,Instalar sistemas elétricos de potência,"Considerando as especificações do projeto elétrico de potência, manuais e catálogos dos equipamentos",Normas Técnicas e Regulamentações Aplicadas,Dificil,B,D
SAEP_54725,C5 - Utilizar instrumentos de medição para instalação e manutenção.,Manter sistemas elétricos de potência,"Considerando Legislação, Normas Técnicas, de Qualidade, de Segurança, Saúde e Sustentabilidade",Equipamentos de medição elétrica,Medio,B,C
SAEP_60004,C1 - Reconhecer os fundamentos da eletricidade quanto a circuitos de corrente contínua e alternada e grandezas elétricas.,Instalar sistemas elétricos prediais,"Considerando o Projeto Elétrico, Ordens de Serviço e Procedimentos Operacionais",Unidades de medidas,Dificil,B,B
SAEP_60269,"C8 - Especificar materiais, equipamentos e componentes considerando o dimensionamento elétrico e necessidades funcionais da instalação elétrica.",Implementar sistemas de energias renováveis,Considerando os requisitos da concessionária e características do projeto do cliente/consumidor,Sistema Fotovoltaico,Medio,B,B
SAEP_60699,C7 - Aplicar técnicas de programação para a automação dos sistemas elétricos industriais.,Integrar automação aos sistemas elétricos industriais,Considerando as soluções tecnológicas aplicáveis aos processos industriais,Acionamentos Eletroeletrônicos,Dificil,D,C
SAEP_67739,C7 - Aplicar técnicas de programação para a automação dos sistemas elétricos industriais.,Integrar automação aos sistemas elétricos industriais,Considerando as soluções tecnológicas aplicáveis aos processos industriais,Controladores Lógicos Programáveis (CLP),Dificil,B,B
SAEP_67787,C4 - Aplicar técnicas de manutenção conforme componente a ser reparado ou substituído.,Manter sistemas elétricos prediais,,Manutenção Elétrica,Facil,C,C
SAEP_69253,"C2 - Aplicar simbologias, terminologias e convenções gráficas de sistema elétrico para simulação e elaboração de projetos utilizando recursos digitais.",Projetar sistemas elétricos prediais,Considerando os requisitos e necessidades do cliente e as características do local do serviço.,Software de Desenho Assistido por Computador (CAD),Medio,D,A
SAEP_76121,"C6 - Identificar tipos de componentes, circuitos e suas conexões na implantação de soluções de automação.",Integrar automação aos sistemas elétricos industriais,,Acionamentos Eletroeletrônicos,Dificil,B,D
SAEP_76593,"C6 - Identificar tipos de componentes, circuitos e suas conexões na implantação de soluções de automação.",Integrar automação aos sistemas elétricos industriais,"Considerando as especificações do projeto industrial, manuais dos equipamentos e catálogos dos fabricantes",Acionamentos Eletroeletrônicos,Facil,A,D
SAEP_76980,C10 - Aplicar técnicas de aterramento.,Projetar sistemas elétricos prediais,"Considerando Legislação, Normas Técnicas, de Qualidade, de Segurança, Saúde e Sustentabilidade",Sistema de Proteção contra Descargas Atmosféricas (SPDA),Facil,D,D
SAEP_76994,C10 - Aplicar técnicas de aterramento.,Manter sistemas elétricos de potência,"Considerando as especificações do projeto elétrico de potência, manuais dos equipamentos e catálogos dos fabricantes",Redes de Distribuição,Medio,D,B
SAEP_77014,"C2 - Aplicar simbologias, terminologias e convenções gráficas de sistema elétrico para simulação e elaboração de projetos utilizando recursos digitais.",Projetar sistemas elétricos de potência de acordo com os parâmetros da legislação vigente,Considerando os requisitos da concessionária e características do projeto do cliente/consumidor,Leitura e Interpretação de Desenhos Técnicos,Dificil,C,A
SAEP_77534,C10 - Aplicar técnicas de aterramento.,Manter sistemas elétricos de potência,,Redes de Distribuição,Dificil,B,B
SAEP_77686,C5 - Utilizar instrumentos de medição para instalação e manutenção.,Instalar sistemas elétricos prediais,"Considerando o Projeto Elétrico, Ordens de Serviço e Procedimentos Operacionais",Equipamentos de medição elétrica,Facil,B,B
SAEP_77777,C5 - Utilizar instrumentos de medição para instalação e manutenção.,Manter sistemas elétricos industriais,,Equipamentos de medição elétrica,Medio,A,A
SAEP_77862,C9 - Aplicar normas técnicas e procedimentos de segurança.,Manter sistemas elétricos industriais,,Normas Técnicas e Regulamentações Aplicadas,Facil,A,A
SAEP_78480,C3 - Aplicar cálculos de dimensionamento de sistema elétrico.,Projetar sistemas elétricos industriais,,"Normas Técnicas e Regulamentações Aplicadas, Projeto Elétrico",Medio,B,B
SAEP_79948,"C8 - Especificar materiais, equipamentos e componentes considerando o dimensionamento elétrico e necessidades funcionais da instalação elétrica.",Projetar sistemas elétricos prediais,"Considerando Legislação, Normas Técnicas, de Qualidade, de Segurança, Saúde e Sustentabilidade",Condutores Elétricos,Facil,B,B
Aluno,Matrícula,Desempenho,Acertos,Erros,Tempo de realização,,
Gabriel Biagentini,2182387,"54,20%",13,11,00:26:23,,
Identificador,Capacidade,Subfunção,Padrão de desempenho,Conhecimento,Dificuldade,Marcação respondente,Gabarito
SAEP_37667,"C6 - Identificar tipos de componentes, circuitos e suas conexões na implantação de soluções de automação.",Integrar automação aos sistemas elétricos industriais,Considerando as soluções tecnológicas aplicáveis aos processos industriais,Acionamentos Eletroeletrônicos,Medio,B,C
SAEP_50884,C4 - Aplicar técnicas de manutenção conforme componente a ser reparado ou substituído.,Manter sistemas elétricos prediais,"Considerando o Projeto Elétrico, Ordem de Serviço e o Plano de Controle da Manutenção - PCM",Manutenção Elétrica,Medio,C,B
SAEP_54064,C1 - Reconhecer os fundamentos da eletricidade quanto a circuitos de corrente contínua e alternada e grandezas elétricas.,Instalar sistemas elétricos prediais,,Circuitos Elétricos em Corrente Alternada,Medio,A,B
SAEP_54220,C3 - Aplicar cálculos de dimensionamento de sistema elétrico.,Projetar sistemas elétricos prediais,Considerando os requisitos e necessidades do cliente e as características do local do serviço.,Projeto Elétrico,Facil,C,C
SAEP_54323,C5 - Utilizar instrumentos de medição para instalação e manutenção.,Manter sistemas elétricos industriais,"Considerando Legislação, Normas Técnicas, de Qualidade, de Segurança, Saúde e Sustentabilidade",Equipamentos de medição elétrica,Medio,C,A
SAEP_54640,C9 - Aplicar normas técnicas e procedimentos de segurança.,Instalar sistemas elétricos de potência,"Considerando as especificações do projeto elétrico de potência, manuais e catálogos dos equipamentos",Normas Técnicas e Regulamentações Aplicadas,Dificil,B,D
SAEP_54725,C5 - Utilizar instrumentos de medição para instalação e manutenção.,Manter sistemas elétricos de potência,"Considerando Legislação, Normas Técnicas, de Qualidade, de Segurança, Saúde e Sustentabilidade",Equipamentos de medição elétrica,Medio,C,C
SAEP_60004,C1 - Reconhecer os fundamentos da eletricidade quanto a circuitos de corrente contínua e alternada e grandezas elétricas.,Instalar sistemas elétricos prediais,"Considerando o Projeto Elétrico, Ordens de Serviço e Procedimentos Operacionais",Unidades de medidas,Dificil,B,B
SAEP_60269,"C8 - Especificar materiais, equipamentos e componentes considerando o dimensionamento elétrico e necessidades funcionais da instalação elétrica.",Implementar sistemas de energias renováveis,Considerando os requisitos da concessionária e características do projeto do cliente/consumidor,Sistema Fotovoltaico,Medio,B,B
SAEP_60699,C7 - Aplicar técnicas de programação para a automação dos sistemas elétricos industriais.,Integrar automação aos sistemas elétricos industriais,Considerando as soluções tecnológicas aplicáveis aos processos industriais,Acionamentos Eletroeletrônicos,Dificil,C,C
SAEP_67739,C7 - Aplicar técnicas de programação para a automação dos sistemas elétricos industriais.,Integrar automação aos sistemas elétricos industriais,Considerando as soluções tecnológicas aplicáveis aos processos industriais,Controladores Lógicos Programáveis (CLP),Dificil,B,B
SAEP_67787,C4 - Aplicar técnicas de manutenção conforme componente a ser reparado ou substituído.,Manter sistemas elétricos prediais,,Manutenção Elétrica,Facil,C,C
SAEP_69253,"C2 - Aplicar simbologias, terminologias e convenções gráficas de sistema elétrico para simulação e elaboração de projetos utilizando recursos digitais.",Projetar sistemas elétricos prediais,Considerando os requisitos e necessidades do cliente e as características do local do serviço.,Software de Desenho Assistido por Computador (CAD),Medio,D,A
SAEP_76121,"C6 - Identificar tipos de componentes, circuitos e suas conexões na implantação de soluções de automação.",Integrar automação aos sistemas elétricos industriais,,Acionamentos Eletroeletrônicos,Dificil,B,D
SAEP_76593,"C6 - Identificar tipos de componentes, circuitos e suas conexões na implantação de soluções de automação.",Integrar automação aos sistemas elétricos industriais,"Considerando as especificações do projeto industrial, manuais dos equipamentos e catálogos dos fabricantes",Acionamentos Eletroeletrônicos,Facil,A,D
SAEP_76980,C10 - Aplicar técnicas de aterramento.,Projetar sistemas elétricos prediais,"Considerando Legislação, Normas Técnicas, de Qualidade, de Segurança, Saúde e Sustentabilidade",Sistema de Proteção contra Descargas Atmosféricas (SPDA),Facil,D,D
SAEP_76994,C10 - Aplicar técnicas de aterramento.,Manter sistemas elétricos de potência,"Considerando as especificações do projeto elétrico de potência, manuais dos equipamentos e catálogos dos fabricantes",Redes de Distribuição,Medio,B,B
SAEP_77014,"C2 - Aplicar simbologias, terminologias e convenções gráficas de sistema elétrico para simulação e elaboração de projetos utilizando recursos digitais.",Projetar sistemas elétricos de potência de acordo com os parâmetros da legislação vigente,Considerando os requisitos da concessionária e características do projeto do cliente/consumidor,Leitura e Interpretação de Desenhos Técnicos,Dificil,C,A
SAEP_77534,C10 - Aplicar técnicas de aterramento.,Manter sistemas elétricos de potência,,Redes de Distribuição,Dificil,B,B
SAEP_77686,C5 - Utilizar instrumentos de medição para instalação e manutenção.,Instalar sistemas elétricos prediais,"Considerando o Projeto Elétrico, Ordens de Serviço e Procedimentos Operacionais",Equipamentos de medição elétrica,Facil,B,B
SAEP_77777,C5 - Utilizar instrumentos de medição para instalação e manutenção.,Manter sistemas elétricos industriais,,Equipamentos de medição elétrica,Medio,C,A
SAEP_77862,C9 - Aplicar normas técnicas e procedimentos de segurança.,Manter sistemas elétricos industriais,,Normas Técnicas e Regulamentações Aplicadas,Facil,A,A
SAEP_78480,C3 - Aplicar cálculos de dimensionamento de sistema elétrico.,Projetar sistemas elétricos industriais,,"Normas Técnicas e Regulamentações Aplicadas, Projeto Elétrico",Medio,B,B
SAEP_79948,"C8 - Especificar materiais, equipamentos e componentes considerando o dimensionamento elétrico e necessidades funcionais da instalação elétrica.",Projetar sistemas elétricos prediais,"Considerando Legislação, Normas Técnicas, de Qualidade, de Segurança, Saúde e Sustentabilidade",Condutores Elétricos,Facil,A,B
Aluno,Matrícula,Desempenho,Acertos,Erros,Tempo de realização,,
Rogerio Brunetto,2121304,"0,00%",0,24,00:01:59,,
Identificador,Capacidade,Subfunção,Padrão de desempenho,Conhecimento,Dificuldade,Marcação respondente,Gabarito
SAEP_37667,"C6 - Identificar tipos de componentes, circuitos e suas conexões na implantação de soluções de automação.",Integrar automação aos sistemas elétricos industriais,Considerando as soluções tecnológicas aplicáveis aos processos industriais,Acionamentos Eletroeletrônicos,Medio,,C
SAEP_50884,C4 - Aplicar técnicas de manutenção conforme componente a ser reparado ou substituído.,Manter sistemas elétricos prediais,"Considerando o Projeto Elétrico, Ordem de Serviço e o Plano de Controle da Manutenção - PCM",Manutenção Elétrica,Medio,,B
SAEP_54064,C1 - Reconhecer os fundamentos da eletricidade quanto a circuitos de corrente contínua e alternada e grandezas elétricas.,Instalar sistemas elétricos prediais,,Circuitos Elétricos em Corrente Alternada,Medio,,B
SAEP_54220,C3 - Aplicar cálculos de dimensionamento de sistema elétrico.,Projetar sistemas elétricos prediais,Considerando os requisitos e necessidades do cliente e as características do local do serviço.,Projeto Elétrico,Facil,,C
SAEP_54323,C5 - Utilizar instrumentos de medição para instalação e manutenção.,Manter sistemas elétricos industriais,"Considerando Legislação, Normas Técnicas, de Qualidade, de Segurança, Saúde e Sustentabilidade",Equipamentos de medição elétrica,Medio,,A
SAEP_54640,C9 - Aplicar normas técnicas e procedimentos de segurança.,Instalar sistemas elétricos de potência,"Considerando as especificações do projeto elétrico de potência, manuais e catálogos dos equipamentos",Normas Técnicas e Regulamentações Aplicadas,Dificil,,D
SAEP_54725,C5 - Utilizar instrumentos de medição para instalação e manutenção.,Manter sistemas elétricos de potência,"Considerando Legislação, Normas Técnicas, de Qualidade, de Segurança, Saúde e Sustentabilidade",Equipamentos de medição elétrica,Medio,,C
SAEP_60004,C1 - Reconhecer os fundamentos da eletricidade quanto a circuitos de corrente contínua e alternada e grandezas elétricas.,Instalar sistemas elétricos prediais,"Considerando o Projeto Elétrico, Ordens de Serviço e Procedimentos Operacionais",Unidades de medidas,Dificil,,B
SAEP_60269,"C8 - Especificar materiais, equipamentos e componentes considerando o dimensionamento elétrico e necessidades funcionais da instalação elétrica.",Implementar sistemas de energias renováveis,Considerando os requisitos da concessionária e características do projeto do cliente/consumidor,Sistema Fotovoltaico,Medio,,B
SAEP_60699,C7 - Aplicar técnicas de programação para a automação dos sistemas elétricos industriais.,Integrar automação aos sistemas elétricos industriais,Considerando as soluções tecnológicas aplicáveis aos processos industriais,Acionamentos Eletroeletrônicos,Dificil,,C
SAEP_67739,C7 - Aplicar técnicas de programação para a automação dos sistemas elétricos industriais.,Integrar automação aos sistemas elétricos industriais,Considerando as soluções tecnológicas aplicáveis aos processos industriais,Controladores Lógicos Programáveis (CLP),Dificil,,B
SAEP_67787,C4 - Aplicar técnicas de manutenção conforme componente a ser reparado ou substituído.,Manter sistemas elétricos prediais,,Manutenção Elétrica,Facil,,C
SAEP_69253,"C2 - Aplicar simbologias, terminologias e convenções gráficas de sistema elétrico para simulação e elaboração de projetos utilizando recursos digitais.",Projetar sistemas elétricos prediais,Considerando os requisitos e necessidades do cliente e as características do local do serviço.,Software de Desenho Assistido por Computador (CAD),Medio,,A
SAEP_76121,"C6 - Identificar tipos de componentes, circuitos e suas conexões na implantação de soluções de automação.",Integrar automação aos sistemas elétricos industriais,,Acionamentos Eletroeletrônicos,Dificil,,D
SAEP_76593,"C6 - Identificar tipos de componentes, circuitos e suas conexões na implantação de soluções de automação.",Integrar automação aos sistemas elétricos industriais,"Considerando as especificações do projeto industrial, manuais dos equipamentos e catálogos dos fabricantes",Acionamentos Eletroeletrônicos,Facil,,D
SAEP_76980,C10 - Aplicar técnicas de aterramento.,Projetar sistemas elétricos prediais,"Considerando Legislação, Normas Técnicas, de Qualidade, de Segurança, Saúde e Sustentabilidade",Sistema de Proteção contra Descargas Atmosféricas (SPDA),Facil,,D
SAEP_76994,C10 - Aplicar técnicas de aterramento.,Manter sistemas elétricos de potência,"Considerando as especificações do projeto elétrico de potência, manuais dos equipamentos e catálogos dos fabricantes",Redes de Distribuição,Medio,,B
SAEP_77014,"C2 - Aplicar simbologias, terminologias e convenções gráficas de sistema elétrico para simulação e elaboração de projetos utilizando recursos digitais.",Projetar sistemas elétricos de potência de acordo com os parâmetros da legislação vigente,Considerando os requisitos da concessionária e características do projeto do cliente/consumidor,Leitura e Interpretação de Desenhos Técnicos,Dificil,,A
SAEP_77534,C10 - Aplicar técnicas de aterramento.,Manter sistemas elétricos de potência,,Redes de Distribuição,Dificil,,B
SAEP_77686,C5 - Utilizar instrumentos de medição para instalação e manutenção.,Instalar sistemas elétricos prediais,"Considerando o Projeto Elétrico, Ordens de Serviço e Procedimentos Operacionais",Equipamentos de medição elétrica,Facil,A,B
SAEP_77777,C5 - Utilizar instrumentos de medição para instalação e manutenção.,Manter sistemas elétricos industriais,,Equipamentos de medição elétrica,Medio,,A
SAEP_77862,C9 - Aplicar normas técnicas e procedimentos de segurança.,Manter sistemas elétricos industriais,,Normas Técnicas e Regulamentações Aplicadas,Facil,,A
SAEP_78480,C3 - Aplicar cálculos de dimensionamento de sistema elétrico.,Projetar sistemas elétricos industriais,,"Normas Técnicas e Regulamentações Aplicadas, Projeto Elétrico",Medio,,B
SAEP_79948,"C8 - Especificar materiais, equipamentos e componentes considerando o dimensionamento elétrico e necessidades funcionais da instalação elétrica.",Projetar sistemas elétricos prediais,"Considerando Legislação, Normas Técnicas, de Qualidade, de Segurança, Saúde e Sustentabilidade",Condutores Elétricos,Facil,,B