ESTATÍSTICA DA APLICAÇÃO,,,,,,,,,,,,,,,,,,,,,
Desempenho Individual,,,,,,,,,,,,,,,,,,,,,
,,,,,,,,,,,,,,,,,,,,,
,,,,,,,,,,,,,,,,,,,,,
DR,Escola,Turno,Turma,Curso,Avaliação,Período de agendamento,Período de vigência da matriz,Aluno,Matrícula,Desempenho,Acertos,Erros,Tempo de realização,Identificador,Capacidade,Subfunção,Padrão de desempenho,Conhecimento,Dificuldade,Marcação respondente,Gabarito
SC,SENAI/SC - Luzerna,Noite,105692-T TELT 2025/1 N1,Técnico em Eletrotécnica,2025.2-TTELT-AV.DIAG.FASE3,20/08/2026 à 20/08/2026,7/2024 à 6/2028,Cristian de Morais Bonato,2191881,"91,70%",22,2,00:26:50,SAEP_37667,6,Integrar automação aos sistemas elétricos industriais,Considerando as soluções tecnológicas aplicáveis aos processos industriais,Acionamentos Eletroeletrônicos,Medio,C,C
SC,SENAI/SC - Luzerna,Noite,105692-T TELT 2025/1 N1,Técnico em Eletrotécnica,2025.2-TTELT-AV.DIAG.FASE3,20/08/2026 à 20/08/2026,7/2024 à 6/2028,Cristian de Morais Bonato,2191881,"91,70%",22,2,00:26:50,SAEP_50884,4,Manter sistemas elétricos prediais,"Considerando o Projeto Elétrico, Ordem de Serviço e o Plano de Controle da Manutenção - PCM",Manutenção Elétrica,Medio,A,B
SC,SENAI/SC - Luzerna,Noite,105692-T TELT 2025/1 N1,Técnico em Eletrotécnica,2025.2-TTELT-AV.DIAG.FASE3,20/08/2026 à 20/08/2026,7/2024 à 6/2028,Cristian de Morais Bonato,2191881,"91,70%",22,2,00:26:50,SAEP_54064,1,Instalar sistemas elétricos prediais,,Circuitos Elétricos em Corrente Alternada,Medio,B,B
SC,SENAI/SC - Luzerna,Noite,105692-T TELT 2025/1 N1,Técnico em Eletrotécnica,2025.2-TTELT-AV.DIAG.FASE3,20/08/2026 à 20/08/2026,7/2024 à 6/2028,Cristian de Morais Bonato,2191881,"91,70%",22,2,00:26:50,SAEP_54220,3,Projetar sistemas elétricos prediais,Considerando os requisitos e necessidades do cliente e as características do local do serviço.,Projeto Elétrico,Facil,C,C
SC,SENAI/SC - Luzerna,Noite,105692-T TELT 2025/1 N1,Técnico em Eletrotécnica,2025.2-TTELT-AV.DIAG.FASE3,20/08/2026 à 20/08/2026,7/2024 à 6/2028,Cristian de Morais Bonato,2191881,"91,70%",22,2,00:26:50,SAEP_54323,5,Manter sistemas elétricos industriais,"Considerando Legislação, Normas Técnicas, de Qualidade, de Segurança, Saúde e Sustentabilidade",Equipamentos de medição elétrica,Medio,A,A
SC,SENAI/SC - Luzerna,Noite,105692-T TELT 2025/1 N1,Técnico em Eletrotécnica,2025.2-TTELT-AV.DIAG.FASE3,20/08/2026 à 20/08/2026,7/2024 à 6/2028,Cristian de Morais Bonato,2191881,"91,70%",22,2,00:26:50,SAEP_54640,9,Instalar sistemas elétricos de potência,"Considerando as especificações do projeto elétrico de potência, manuais e catálogos dos equipamentos",Normas Técnicas e Regulamentações Aplicadas,Dificil,D,D
SC,SENAI/SC - Luzerna,Noite,105692-T TELT 2025/1 N1,Técnico em Eletrotécnica,2025.2-TTELT-AV.DIAG.FASE3,20/08/2026 à 20/08/2026,7/2024 à 6/2028,Cristian de Morais Bonato,2191881,"91,70%",22,2,00:26:50,SAEP_54725,5,Manter sistemas elétricos de potência,"Considerando Legislação, Normas Técnicas, de Qualidade, de Segurança, Saúde e Sustentabilidade",Equipamentos de medição elétrica,Medio,C,C
SC,SENAI/SC - Luzerna,Noite,105692-T TELT 2025/1 N1,Técnico em Eletrotécnica,2025.2-TTELT-AV.DIAG.FASE3,20/08/2026 à 20/08/2026,7/2024 à 6/2028,Cristian de Morais Bonato,2191881,"91,70%",22,2,00:26:50,SAEP_60004,1,Instalar sistemas elétricos prediais,"Considerando o Projeto Elétrico, Ordens de Serviço e Procedimentos Operacionais",Unidades de medidas,Dificil,D,B
SC,SENAI/SC - Luzerna,Noite,105692-T TELT 2025/1 N1,Técnico em Eletrotécnica,2025.2-TTELT-AV.DIAG.FASE3,20/08/2026 à 20/08/2026,7/2024 à 6/2028,Cristian de Morais Bonato,2191881,"91,70%",22,2,00:26:50,SAEP_60269,8,Implementar sistemas de energias renováveis,Considerando os requisitos da concessionária e características do projeto do cliente/consumidor,Sistema Fotovoltaico,Medio,B,B
SC,SENAI/SC - Luzerna,Noite,105692-T TELT 2025/1 N1,Técnico em Eletrotécnica,2025.2-TTELT-AV.DIAG.FASE3,20/08/2026 à 20/08/2026,7/2024 à 6/2028,Cristian de Morais Bonato,2191881,"91,70%",22,2,00:26:50,SAEP_60699,7,Integrar automação aos sistemas elétricos industriais,Considerando as soluções tecnológicas aplicáveis aos processos industriais,Acionamentos Eletroeletrônicos,Dificil,C,C
SC,SENAI/SC - Luzerna,Noite,105692-T TELT 2025/1 N1,Técnico em Eletrotécnica,2025.2-TTELT-AV.DIAG.FASE3,20/08/2026 à 20/08/2026,7/2024 à 6/2028,Cristian de Morais Bonato,2191881,"91,70%",22,2,00:26:50,SAEP_67739,7,Integrar automação aos sistemas elétricos industriais,Considerando as soluções tecnológicas aplicáveis aos processos industriais,Controladores Lógicos Programáveis (CLP),Dificil,B,B
SC,SENAI/SC - Luzerna,Noite,105692-T TELT 2025/1 N1,Técnico em Eletrotécnica,2025.2-TTELT-AV.DIAG.FASE3,20/08/2026 à 20/08/2026,7/2024 à 6/2028,Cristian de Morais Bonato,2191881,"91,70%",22,2,00:26:50,SAEP_67787,4,Manter sistemas elétricos prediais,,Manutenção Elétrica,Facil,C,C
SC,SENAI/SC - Luzerna,Noite,105692-T TELT 2025/1 N1,Técnico em Eletrotécnica,2025.2-TTELT-AV.DIAG.FASE3,20/08/2026 à 20/08/2026,7/2024 à 6/2028,Cristian de Morais Bonato,2191881,"91,70%",22,2,00:26:50,SAEP_69253,2,Projetar sistemas elétricos prediais,Considerando os requisitos e necessidades do cliente e as características do local do serviço.,Software de Desenho Assistido por Computador (CAD),Medio,A,A
SC,SENAI/SC - Luzerna,Noite,105692-T TELT 2025/1 N1,Técnico em Eletrotécnica,2025.2-TTELT-AV.DIAG.FASE3,20/08/2026 à 20/08/2026,7/2024 à 6/2028,Cristian de Morais Bonato,2191881,"91,70%",22,2,00:26:50,SAEP_76121,6,Integrar automação aos sistemas elétricos industriais,,Acionamentos Eletroeletrônicos,Dificil,D,D
SC,SENAI/SC - Luzerna,Noite,105692-T TELT 2025/1 N1,Técnico em Eletrotécnica,2025.2-TTELT-AV.DIAG.FASE3,20/08/2026 à 20/08/2026,7/2024 à 6/2028,Cristian de Morais Bonato,2191881,"91,70%",22,2,00:26:50,SAEP_76593,6,Integrar automação aos sistemas elétricos industriais,"Considerando as especificações do projeto industrial, manuais dos equipamentos e catálogos dos fabricantes",Acionamentos Eletroeletrônicos,Facil,D,D
SC,SENAI/SC - Luzerna,Noite,105692-T TELT 2025/1 N1,Técnico em Eletrotécnica,2025.2-TTELT-AV.DIAG.FASE3,20/08/2026 à 20/08/2026,7/2024 à 6/2028,Cristian de Morais Bonato,2191881,"91,70%",22,2,00:26:50,SAEP_76980,10,Projetar sistemas elétricos prediais,"Considerando Legislação, Normas Técnicas, de Qualidade, de Segurança, Saúde e Sustentabilidade",Sistema de Proteção contra Descargas Atmosféricas (SPDA),Facil,D,D
SC,SENAI/SC - Luzerna,Noite,105692-T TELT 2025/1 N1,Técnico em Eletrotécnica,2025.2-TTELT-AV.DIAG.FASE3,20/08/2026 à 20/08/2026,7/2024 à 6/2028,Cristian de Morais Bonato,2191881,"91,70%",22,2,00:26:50,SAEP_76994,10,Manter sistemas elétricos de potência,"Considerando as especificações do projeto elétrico de potência, manuais dos equipamentos e catálogos dos fabricantes",Redes de Distribuição,Medio,B,B
SC,SENAI/SC - Luzerna,Noite,105692-T TELT 2025/1 N1,Técnico em Eletrotécnica,2025.2-TTELT-AV.DIAG.FASE3,20/08/2026 à 20/08/2026,7/2024 à 6/2028,Cristian de Morais Bonato,2191881,"91,70%",22,2,00:26:50,SAEP_77014,2,Projetar sistemas elétricos de potência de acordo com os parâmetros da legislação vigente,Considerando os requisitos da concessionária e características do projeto do cliente/consumidor,Leitura e Interpretação de Desenhos Técnicos,Dificil,A,A
SC,SENAI/SC - Luzerna,Noite,105692-T TELT 2025/1 N1,Técnico em Eletrotécnica,2025.2-TTELT-AV.DIAG.FASE3,20/08/2026 à 20/08/2026,7/2024 à 6/2028,Cristian de Morais Bonato,2191881,"91,70%",22,2,00:26:50,SAEP_77534,10,Manter sistemas elétricos de potência,,Redes de Distribuição,Dificil,B,B
SC,SENAI/SC - Luzerna,Noite,105692-T TELT 2025/1 N1,Técnico em Eletrotécnica,2025.2-TTELT-AV.DIAG.FASE3,20/08/2026 à 20/08/2026,7/2024 à 6/2028,Cristian de Morais Bonato,2191881,"91,70%",22,2,00:26:50,SAEP_77686,5,Instalar sistemas elétricos prediais,"Considerando o Projeto Elétrico, Ordens de Serviço e Procedimentos Operacionais",Equipamentos de medição elétrica,Facil,B,B
SC,SENAI/SC - Luzerna,Noite,105692-T TELT 2025/1 N1,Técnico em Eletrotécnica,2025.2-TTELT-AV.DIAG.FASE3,20/08/2026 à 20/08/2026,7/2024 à 6/2028,Cristian de Morais Bonato,2191881,"91,70%",22,2,00:26:50,SAEP_77777,5,Manter sistemas elétricos industriais,,Equipamentos de medição elétrica,Medio,A,A
SC,SENAI/SC - Luzerna,Noite,105692-T TELT 2025/1 N1,Técnico em Eletrotécnica,2025.2-TTELT-AV.DIAG.FASE3,20/08/2026 à 20/08/2026,7/2024 à 6/2028,Cristian de Morais Bonato,2191881,"91,70%",22,2,00:26:50,SAEP_77862,9,Manter sistemas elétricos industriais,,Normas Técnicas e Regulamentações Aplicadas,Facil,A,A
SC,SENAI/SC - Luzerna,Noite,105692-T TELT 2025/1 N1,Técnico em Eletrotécnica,2025.2-TTELT-AV.DIAG.FASE3,20/08/2026 à 20/08/2026,7/2024 à 6/2028,Cristian de Morais Bonato,2191881,"91,70%",22,2,00:26:50,SAEP_78480,3,Projetar sistemas elétricos industriais,,"Normas Técnicas e Regulamentações Aplicadas, Projeto Elétrico",Medio,B,B
SC,SENAI/SC - Luzerna,Noite,105692-T TELT 2025/1 N1,Técnico em Eletrotécnica,2025.2-TTELT-AV.DIAG.FASE3,20/08/2026 à 20/08/2026,7/2024 à 6/2028,Cristian de Morais Bonato,2191881,"91,70%",22,2,00:26:50,SAEP_79948,8,Projetar sistemas elétricos prediais,"Considerando Legislação, Normas Técnicas, de Qualidade, de Segurança, Saúde e Sustentabilidade",Condutores Elétricos,Facil,B,B
SC,SENAI/SC - Luzerna,Noite,105692-T TELT 2025/1 N1,Técnico em Eletrotécnica,2025.2-TTELT-AV.DIAG.FASE3,20/08/2026 à 20/08/2026,7/2024 à 6/2028,Laertty Trevisol Brunetto,2118670,"87,50%",21,3,00:30:45,SAEP_37667,6,Integrar automação aos sistemas elétricos industriais,Considerando as soluções tecnológicas aplicáveis aos processos industriais,Acionamentos Eletroeletrônicos,Medio,C,C
SC,SENAI/SC - Luzerna,Noite,105692-T TELT 2025/1 N1,Técnico em Eletrotécnica,2025.2-TTELT-AV.DIAG.FASE3,20/08/2026 à 20/08/2026,7/2024 à 6/2028,Laertty Trevisol Brunetto,2118670,"87,50%",21,3,00:30:45,SAEP_50884,4,Manter sistemas elétricos prediais,"Considerando o Projeto Elétrico, Ordem de Serviço e o Plano de Controle da Manutenção - PCM",Manutenção Elétrica,Medio,B,B
SC,SENAI/SC - Luzerna,Noite,105692-T TELT 2025/1 N1,Técnico em Eletrotécnica,2025.2-TTELT-AV.DIAG.FASE3,20/08/2026 à 20/08/2026,7/2024 à 6/2028,Laertty Trevisol Brunetto,2118670,"87,50%",21,3,00:30:45,SAEP_54064,1,Instalar sistemas elétricos prediais,,Circuitos Elétricos em Corrente Alternada,Medio,B,B
SC,SENAI/SC - Luzerna,Noite,105692-T TELT 2025/1 N1,Técnico em Eletrotécnica,2025.2-TTELT-AV.DIAG.FASE3,20/08/2026 à 20/08/2026,7/2024 à 6/2028,Laertty Trevisol Brunetto,2118670,"87,50%",21,3,00:30:45,SAEP_54220,3,Projetar sistemas elétricos prediais,Considerando os requisitos e necessidades do cliente e as características do local do serviço.,Projeto Elétrico,Facil,C,C
SC,SENAI/SC - Luzerna,Noite,105692-T TELT 2025/1 N1,Técnico em Eletrotécnica,2025.2-TTELT-AV.DIAG.FASE3,20/08/2026 à 20/08/2026,7/2024 à 6/2028,Laertty Trevisol Brunetto,2118670,"87,50%",21,3,00:30:45,SAEP_54323,5,Manter sistemas elétricos industriais,"Considerando Legislação, Normas Técnicas, de Qualidade, de Segurança, Saúde e Sustentabilidade",Equipamentos de medição elétrica,Medio,A,A
SC,SENAI/SC - Luzerna,Noite,105692-T TELT 2025/1 N1,Técnico em Eletrotécnica,2025.2-TTELT-AV.DIAG.FASE3,20/08/2026 à 20/08/2026,7/2024 à 6/2028,Laertty Trevisol Brunetto,2118670,"87,50%",21,3,00:30:45,SAEP_54640,9,Instalar sistemas elétricos de potência,"Considerando as especificações do projeto elétrico de potência, manuais e catálogos dos equipamentos",Normas Técnicas e Regulamentações Aplicadas,Dificil,C,D
SC,SENAI/SC - Luzerna,Noite,105692-T TELT 2025/1 N1,Técnico em Eletrotécnica,2025.2-TTELT-AV.DIAG.FASE3,20/08/2026 à 20/08/2026,7/2024 à 6/2028,Laertty Trevisol Brunetto,2118670,"87,50%",21,3,00:30:45,SAEP_54725,5,Manter sistemas elétricos de potência,"Considerando Legislação, Normas Técnicas, de Qualidade, de Segurança, Saúde e Sustentabilidade",Equipamentos de medição elétrica,Medio,C,C
SC,SENAI/SC - Luzerna,Noite,105692-T TELT 2025/1 N1,Técnico em Eletrotécnica,2025.2-TTELT-AV.DIAG.FASE3,20/08/2026 à 20/08/2026,7/2024 à 6/2028,Laertty Trevisol Brunetto,2118670,"87,50%",21,3,00:30:45,SAEP_60004,1,Instalar sistemas elétricos prediais,"Considerando o Projeto Elétrico, Ordens de Serviço e Procedimentos Operacionais",Unidades de medidas,Dificil,B,B
SC,SENAI/SC - Luzerna,Noite,105692-T TELT 2025/1 N1,Técnico em Eletrotécnica,2025.2-TTELT-AV.DIAG.FASE3,20/08/2026 à 20/08/2026,7/2024 à 6/2028,Laertty Trevisol Brunetto,2118670,"87,50%",21,3,00:30:45,SAEP_60269,8,Implementar sistemas de energias renováveis,Considerando os requisitos da concessionária e características do projeto do cliente/consumidor,Sistema Fotovoltaico,Medio,B,B
SC,SENAI/SC - Luzerna,Noite,105692-T TELT 2025/1 N1,Técnico em Eletrotécnica,2025.2-TTELT-AV.DIAG.FASE3,20/08/2026 à 20/08/2026,7/2024 à 6/2028,Laertty Trevisol Brunetto,2118670,"87,50%",21,3,00:30:45,SAEP_60699,7,Integrar automação aos sistemas elétricos industriais,Considerando as soluções tecnológicas aplicáveis aos processos industriais,Acionamentos Eletroeletrônicos,Dificil,C,C
SC,SENAI/SC - Luzerna,Noite,105692-T TELT 2025/1 N1,Técnico em Eletrotécnica,2025.2-TTELT-AV.DIAG.FASE3,20/08/2026 à 20/08/2026,7/2024 à 6/2028,Laertty Trevisol Brunetto,2118670,"87,50%",21,3,00:30:45,SAEP_67739,7,Integrar automação aos sistemas elétricos industriais,Considerando as soluções tecnológicas aplicáveis aos processos industriais,Controladores Lógicos Programáveis (CLP),Dificil,B,B
SC,SENAI/SC - Luzerna,Noite,105692-T TELT 2025/1 N1,Técnico em Eletrotécnica,2025.2-TTELT-AV.DIAG.FASE3,20/08/2026 à 20/08/2026,7/2024 à 6/2028,Laertty Trevisol Brunetto,2118670,"87,50%",21,3,00:30:45,SAEP_67787,4,Manter sistemas elétricos prediais,,Manutenção Elétrica,Facil,C,C
SC,SENAI/SC - Luzerna,Noite,105692-T TELT 2025/1 N1,Técnico em Eletrotécnica,2025.2-TTELT-AV.DIAG.FASE3,20/08/2026 à 20/08/2026,7/2024 à 6/2028,Laertty Trevisol Brunetto,2118670,"87,50%",21,3,00:30:45,SAEP_69253,2,Projetar sistemas elétricos prediais,Considerando os requisitos e necessidades do cliente e as características do local do serviço.,Software de Desenho Assistido por Computador (CAD),Medio,A,A
SC,SENAI/SC - Luzerna,Noite,105692-T TELT 2025/1 N1,Técnico em Eletrotécnica,2025.2-TTELT-AV.DIAG.FASE3,20/08/2026 à 20/08/2026,7/2024 à 6/2028,Laertty Trevisol Brunetto,2118670,"87,50%",21,3,00:30:45,SAEP_76121,6,Integrar automação aos sistemas elétricos industriais,,Acionamentos Eletroeletrônicos,Dificil,D,D
SC,SENAI/SC - Luzerna,Noite,105692-T TELT 2025/1 N1,Técnico em Eletrotécnica,2025.2-TTELT-AV.DIAG.FASE3,20/08/2026 à 20/08/2026,7/2024 à 6/2028,Laertty Trevisol Brunetto,2118670,"87,50%",21,3,00:30:45,SAEP_76593,6,Integrar automação aos sistemas elétricos industriais,"Considerando as especificações do projeto industrial, manuais dos equipamentos e catálogos dos fabricantes",Acionamentos Eletroeletrônicos,Facil,A,D
SC,SENAI/SC - Luzerna,Noite,105692-T TELT 2025/1 N1,Técnico em Eletrotécnica,2025.2-TTELT-AV.DIAG.FASE3,20/08/2026 à 20/08/2026,7/2024 à 6/2028,Laertty Trevisol Brunetto,2118670,"87,50%",21,3,00:30:45,SAEP_76980,10,Projetar sistemas elétricos prediais,"Considerando Legislação, Normas Técnicas, de Qualidade, de Segurança, Saúde e Sustentabilidade",Sistema de Proteção contra Descargas Atmosféricas (SPDA),Facil,D,D
SC,SENAI/SC - Luzerna,Noite,105692-T TELT 2025/1 N1,Técnico em Eletrotécnica,2025.2-TTELT-AV.DIAG.FASE3,20/08/2026 à 20/08/2026,7/2024 à 6/2028,Laertty Trevisol Brunetto,2118670,"87,50%",21,3,00:30:45,SAEP_76994,10,Manter sistemas elétricos de potência,"Considerando as especificações do projeto elétrico de potência, manuais dos equipamentos e catálogos dos fabricantes",Redes de Distribuição,Medio,B,B
SC,SENAI/SC - Luzerna,Noite,105692-T TELT 2025/1 N1,Técnico em Eletrotécnica,2025.2-TTELT-AV.DIAG.FASE3,20/08/2026 à 20/08/2026,7/2024 à 6/2028,Laertty Trevisol Brunetto,2118670,"87,50%",21,3,00:30:45,SAEP_77014,2,Projetar sistemas elétricos de potência de acordo com os parâmetros da legislação vigente,Considerando os requisitos da concessionária e características do projeto do cliente/consumidor,Leitura e Interpretação de Desenhos Técnicos,Dificil,A,A
SC,SENAI/SC - Luzerna,Noite,105692-T TELT 2025/1 N1,Técnico em Eletrotécnica,2025.2-TTELT-AV.DIAG.FASE3,20/08/2026 à 20/08/2026,7/2024 à 6/2028,Laertty Trevisol Brunetto,2118670,"87,50%",21,3,00:30:45,SAEP_77534,10,Manter sistemas elétricos de potência,,Redes de Distribuição,Dificil,B,B
SC,SENAI/SC - Luzerna,Noite,105692-T TELT 2025/1 N1,Técnico em Eletrotécnica,2025.2-TTELT-AV.DIAG.FASE3,20/08/2026 à 20/08/2026,7/2024 à 6/2028,Laertty Trevisol Brunetto,2118670,"87,50%",21,3,00:30:45,SAEP_77686,5,Instalar sistemas elétricos prediais,"Considerando o Projeto Elétrico, Ordens de Serviço e Procedimentos Operacionais",Equipamentos de medição elétrica,Facil,B,B
SC,SENAI/SC - Luzerna,Noite,105692-T TELT 2025/1 N1,Técnico em Eletrotécnica,2025.2-TTELT-AV.DIAG.FASE3,20/08/2026 à 20/08/2026,7/2024 à 6/2028,Laertty Trevisol Brunetto,2118670,"87,50%",21,3,00:30:45,SAEP_77777,5,Manter sistemas elétricos industriais,,Equipamentos de medição elétrica,Medio,B,A
SC,SENAI/SC - Luzerna,Noite,105692-T TELT 2025/1 N1,Técnico em Eletrotécnica,2025.2-TTELT-AV.DIAG.FASE3,20/08/2026 à 20/08/2026,7/2024 à 6/2028,Laertty Trevisol Brunetto,2118670,"87,50%",21,3,00:30:45,SAEP_77862,9,Manter sistemas elétricos industriais,,Normas Técnicas e Regulamentações Aplicadas,Facil,A,A
SC,SENAI/SC - Luzerna,Noite,105692-T TELT 2025/1 N1,Técnico em Eletrotécnica,2025.2-TTELT-AV.DIAG.FASE3,20/08/2026 à 20/08/2026,7/2024 à 6/2028,Laertty Trevisol Brunetto,2118670,"87,50%",21,3,00:30:45,SAEP_78480,3,Projetar sistemas elétricos industriais,,"Normas Técnicas e Regulamentações Aplicadas, Projeto Elétrico",Medio,B,B
SC,SENAI/SC - Luzerna,Noite,105692-T TELT 2025/1 N1,Técnico em Eletrotécnica,2025.2-TTELT-AV.DIAG.FASE3,20/08/2026 à 20/08/2026,7/2024 à 6/2028,Laertty Trevisol Brunetto,2118670,"87,50%",21,3,00:30:45,SAEP_79948,8,Projetar sistemas elétricos prediais,"Considerando Legislação, Normas Técnicas, de Qualidade, de Segurança, Saúde e Sustentabilidade",Condutores Elétricos,Facil,B,B
SC,SENAI/SC - Luzerna,Noite,105692-T TELT 2025/1 N1,Técnico em Eletrotécnica,2025.2-TTELT-AV.DIAG.FASE3,20/08/2026 à 20/08/2026,7/2024 à 6/2028,Eduardo Huber,2200267,"79,20%",19,5,00:31:31,SAEP_37667,6,Integrar automação aos sistemas elétricos industriais,Considerando as soluções tecnológicas aplicáveis aos processos industriais,Acionamentos Eletroeletrônicos,Medio,C,C
SC,SENAI/SC - Luzerna,Noite,105692-T TELT 2025/1 N1,Técnico em Eletrotécnica,2025.2-TTELT-AV.DIAG.FASE3,20/08/2026 à 20/08/2026,7/2024 à 6/2028,Eduardo Huber,2200267,"79,20%",19,5,00:31:31,SAEP_50884,4,Manter sistemas elétricos prediais,"Considerando o Projeto Elétrico, Ordem de Serviço e o Plano de Controle da Manutenção - PCM",Manutenção Elétrica,Medio,B,B
SC,SENAI/SC - Luzerna,Noite,105692-T TELT 2025/1 N1,Técnico em Eletrotécnica,2025.2-TTELT-AV.DIAG.FASE3,20/08/2026 à 20/08/2026,7/2024 à 6/2028,Eduardo Huber,2200267,"79,20%",19,5,00:31:31,SAEP_54064,1,Instalar sistemas elétricos prediais,,Circuitos Elétricos em Corrente Alternada,Medio,B,B
SC,SENAI/SC - Luzerna,Noite,105692-T TELT 2025/1 N1,Técnico em Eletrotécnica,2025.2-TTELT-AV.DIAG.FASE3,20/08/2026 à 20/08/2026,7/2024 à 6/2028,Eduardo Huber,2200267,"79,20%",19,5,00:31:31,SAEP_54220,3,Projetar sistemas elétricos prediais,Considerando os requisitos e necessidades do cliente e as características do local do serviço.,Projeto Elétrico,Facil,C,C
SC,SENAI/SC - Luzerna,Noite,105692-T TELT 2025/1 N1,Técnico em Eletrotécnica,2025.2-TTELT-AV.DIAG.FASE3,20/08/2026 à 20/08/2026,7/2024 à 6/2028,Eduardo Huber,2200267,"79,20%",19,5,00:31:31,SAEP_54323,5,Manter sistemas elétricos industriais,"Considerando Legislação, Normas Técnicas, de Qualidade, de Segurança, Saúde e Sustentabilidade",Equipamentos de medição elétrica,Medio,C,A
SC,SENAI/SC - Luzerna,Noite,105692-T TELT 2025/1 N1,Técnico em Eletrotécnica,2025.2-TTELT-AV.DIAG.FASE3,20/08/2026 à 20/08/2026,7/2024 à 6/2028,Eduardo Huber,2200267,"79,20%",19,5,00:31:31,SAEP_54640,9,Instalar sistemas elétricos de potência,"Considerando as especificações do projeto elétrico de potência, manuais e catálogos dos equipamentos",Normas Técnicas e Regulamentações Aplicadas,Dificil,B,D
SC,SENAI/SC - Luzerna,Noite,105692-T TELT 2025/1 N1,Técnico em Eletrotécnica,2025.2-TTELT-AV.DIAG.FASE3,20/08/2026 à 20/08/2026,7/2024 à 6/2028,Eduardo Huber,2200267,"79,20%",19,5,00:31:31,SAEP_54725,5,Manter sistemas elétricos de potência,"Considerando Legislação, Normas Técnicas, de Qualidade, de Segurança, Saúde e Sustentabilidade",Equipamentos de medição elétrica,Medio,C,C
SC,SENAI/SC - Luzerna,Noite,105692-T TELT 2025/1 N1,Técnico em Eletrotécnica,2025.2-TTELT-AV.DIAG.FASE3,20/08/2026 à 20/08/2026,7/2024 à 6/2028,Eduardo Huber,2200267,"79,20%",19,5,00:31:31,SAEP_60004,1,Instalar sistemas elétricos prediais,"Considerando o Projeto Elétrico, Ordens de Serviço e Procedimentos Operacionais",Unidades de medidas,Dificil,D,B
SC,SENAI/SC - Luzerna,Noite,105692-T TELT 2025/1 N1,Técnico em Eletrotécnica,2025.2-TTELT-AV.DIAG.FASE3,20/08/2026 à 20/08/2026,7/2024 à 6/2028,Eduardo Huber,2200267,"79,20%",19,5,00:31:31,SAEP_60269,8,Implementar sistemas de energias renováveis,Considerando os requisitos da concessionária e características do projeto do cliente/consumidor,Sistema Fotovoltaico,Medio,B,B
SC,SENAI/SC - Luzerna,Noite,105692-T TELT 2025/1 N1,Técnico em Eletrotécnica,2025.2-TTELT-AV.DIAG.FASE3,20/08/2026 à 20/08/2026,7/2024 à 6/2028,Eduardo Huber,2200267,"79,20%",19,5,00:31:31,SAEP_60699,7,Integrar automação aos sistemas elétricos industriais,Considerando as soluções tecnológicas aplicáveis aos processos industriais,Acionamentos Eletroeletrônicos,Dificil,C,C
SC,SENAI/SC - Luzerna,Noite,105692-T TELT 2025/1 N1,Técnico em Eletrotécnica,2025.2-TTELT-AV.DIAG.FASE3,20/08/2026 à 20/08/2026,7/2024 à 6/2028,Eduardo Huber,2200267,"79,20%",19,5,00:31:31,SAEP_67739,7,Integrar automação aos sistemas elétricos industriais,Considerando as soluções tecnológicas aplicáveis aos processos industriais,Controladores Lógicos Programáveis (CLP),Dificil,B,B
SC,SENAI/SC - Luzerna,Noite,105692-T TELT 2025/1 N1,Técnico em Eletrotécnica,2025.2-TTELT-AV.DIAG.FASE3,20/08/2026 à 20/08/2026,7/2024 à 6/2028,Eduardo Huber,2200267,"79,20%",19,5,00:31:31,SAEP_67787,4,Manter sistemas elétricos prediais,,Manutenção Elétrica,Facil,C,C
SC,SENAI/SC - Luzerna,Noite,105692-T TELT 2025/1 N1,Técnico em Eletrotécnica,2025.2-TTELT-AV.DIAG.FASE3,20/08/2026 à 20/08/2026,7/2024 à 6/2028,Eduardo Huber,2200267,"79,20%",19,5,00:31:31,SAEP_69253,2,Projetar sistemas elétricos prediais,Considerando os requisitos e necessidades do cliente e as características do local do serviço.,Software de Desenho Assistido por Computador (CAD),Medio,A,A
SC,SENAI/SC - Luzerna,Noite,105692-T TELT 2025/1 N1,Técnico em Eletrotécnica,2025.2-TTELT-AV.DIAG.FASE3,20/08/2026 à 20/08/2026,7/2024 à 6/2028,Eduardo Huber,2200267,"79,20%",19,5,00:31:31,SAEP_76121,6,Integrar automação aos sistemas elétricos industriais,,Acionamentos Eletroeletrônicos,Dificil,A,D
SC,SENAI/SC - Luzerna,Noite,105692-T TELT 2025/1 N1,Técnico em Eletrotécnica,2025.2-TTELT-AV.DIAG.FASE3,20/08/2026 à 20/08/2026,7/2024 à 6/2028,Eduardo Huber,2200267,"79,20%",19,5,00:31:31,SAEP_76593,6,Integrar automação aos sistemas elétricos industriais,"Considerando as especificações do projeto industrial, manuais dos equipamentos e catálogos dos fabricantes",Acionamentos Eletroeletrônicos,Facil,D,D
SC,SENAI/SC - Luzerna,Noite,105692-T TELT 2025/1 N1,Técnico em Eletrotécnica,2025.2-TTELT-AV.DIAG.FASE3,20/08/2026 à 20/08/2026,7/2024 à 6/2028,Eduardo Huber,2200267,"79,20%",19,5,00:31:31,SAEP_76980,10,Projetar sistemas elétricos prediais,"Considerando Legislação, Normas Técnicas, de Qualidade, de Segurança, Saúde e Sustentabilidade",Sistema de Proteção contra Descargas Atmosféricas (SPDA),Facil,D,D
SC,SENAI/SC - Luzerna,Noite,105692-T TELT 2025/1 N1,Técnico em Eletrotécnica,2025.2-TTELT-AV.DIAG.FASE3,20/08/2026 à 20/08/2026,7/2024 à 6/2028,Eduardo Huber,2200267,"79,20%",19,5,00:31:31,SAEP_76994,10,Manter sistemas elétricos de potência,"Considerando as especificações do projeto elétrico de potência, manuais dos equipamentos e catálogos dos fabricantes",Redes de Distribuição,Medio,B,B
SC,SENAI/SC - Luzerna,Noite,105692-T TELT 2025/1 N1,Técnico em Eletrotécnica,2025.2-TTELT-AV.DIAG.FASE3,20/08/2026 à 20/08/2026,7/2024 à 6/2028,Eduardo Huber,2200267,"79,20%",19,5,00:31:31,SAEP_77014,2,Projetar sistemas elétricos de potência de acordo com os parâmetros da legislação vigente,Considerando os requisitos da concessionária e características do projeto do cliente/consumidor,Leitura e Interpretação de Desenhos Técnicos,Dificil,A,A
SC,SENAI/SC - Luzerna,Noite,105692-T TELT 2025/1 N1,Técnico em Eletrotécnica,2025.2-TTELT-AV.DIAG.FASE3,20/08/2026 à 20/08/2026,7/2024 à 6/2028,Eduardo Huber,2200267,"79,20%",19,5,00:31:31,SAEP_77534,10,Manter sistemas elétricos de potência,,Redes de Distribuição,Dificil,B,B
SC,SENAI/SC - Luzerna,Noite,105692-T TELT 2025/1 N1,Técnico em Eletrotécnica,2025.2-TTELT-AV.DIAG.FASE3,20/08/2026 à 20/08/2026,7/2024 à 6/2028,Eduardo Huber,2200267,"79,20%",19,5,00:31:31,SAEP_77686,5,Instalar sistemas elétricos prediais,"Considerando o Projeto Elétrico, Ordens de Serviço e Procedimentos Operacionais",Equipamentos de medição elétrica,Facil,B,B
SC,SENAI/SC - Luzerna,Noite,105692-T TELT 2025/1 N1,Técnico em Eletrotécnica,2025.2-TTELT-AV.DIAG.FASE3,20/08/2026 à 20/08/2026,7/2024 à 6/2028,Eduardo Huber,2200267,"79,20%",19,5,00:31:31,SAEP_77777,5,Manter sistemas elétricos industriais,,Equipamentos de medição elétrica,Medio,A,A
SC,SENAI/SC - Luzerna,Noite,105692-T TELT 2025/1 N1,Técnico em Eletrotécnica,2025.2-TTELT-AV.DIAG.FASE3,20/08/2026 à 20/08/2026,7/2024 à 6/2028,Eduardo Huber,2200267,"79,20%",19,5,00:31:31,SAEP_77862,9,Manter sistemas elétricos industriais,,Normas Técnicas e Regulamentações Aplicadas,Facil,A,A
SC,SENAI/SC - Luzerna,Noite,105692-T TELT 2025/1 N1,Técnico em Eletrotécnica,2025.2-TTELT-AV.DIAG.FASE3,20/08/2026 à 20/08/2026,7/2024 à 6/2028,Eduardo Huber,2200267,"79,20%",19,5,00:31:31,SAEP_78480,3,Projetar sistemas elétricos industriais,,"Normas Técnicas e Regulamentações Aplicadas, Projeto Elétrico",Medio,A,B
SC,SENAI/SC - Luzerna,Noite,105692-T TELT 2025/1 N1,Técnico em Eletrotécnica,2025.2-TTELT-AV.DIAG.FASE3,20/08/2026 à 20/08/2026,7/2024 à 6/2028,Eduardo Huber,2200267,"79,20%",19,5,00:31:31,SAEP_79948,8,Projetar sistemas elétricos prediais,"Considerando Legislação, Normas Técnicas, de Qualidade, de Segurança, Saúde e Sustentabilidade",Condutores Elétricos,Facil,B,B
SC,SENAI/SC - Luzerna,Noite,105692-T TELT 2025/1 N1,Técnico em Eletrotécnica,2025.2-TTELT-AV.DIAG.FASE3,20/08/2026 à 20/08/2026,7/2024 à 6/2028,Dorberto Adriano Peres de Oliveira,2193144,"79,20%",19,5,00:38:56,SAEP_37667,6,Integrar automação aos sistemas elétricos industriais,Considerando as soluções tecnológicas aplicáveis aos processos industriais,Acionamentos Eletroeletrônicos,Medio,A,C
SC,SENAI/SC - Luzerna,Noite,105692-T TELT 2025/1 N1,Técnico em Eletrotécnica,2025.2-TTELT-AV.DIAG.FASE3,20/08/2026 à 20/08/2026,7/2024 à 6/2028,Dorberto Adriano Peres de Oliveira,2193144,"79,20%",19,5,00:38:56,SAEP_50884,4,Manter sistemas elétricos prediais,"Considerando o Projeto Elétrico, Ordem de Serviço e o Plano de Controle da Manutenção - PCM",Manutenção Elétrica,Medio,B,B
SC,SENAI/SC - Luzerna,Noite,105692-T TELT 2025/1 N1,Técnico em Eletrotécnica,2025.2-TTELT-AV.DIAG.FASE3,20/08/2026 à 20/08/2026,7/2024 à 6/2028,Dorberto Adriano Peres de Oliveira,2193144,"79,20%",19,5,00:38:56,SAEP_54064,1,Instalar sistemas elétricos prediais,,Circuitos Elétricos em Corrente Alternada,Medio,B,B
SC,SENAI/SC - Luzerna,Noite,105692-T TELT 2025/1 N1,Técnico em Eletrotécnica,2025.2-TTELT-AV.DIAG.FASE3,20/08/2026 à 20/08/2026,7/2024 à 6/2028,Dorberto Adriano Peres de Oliveira,2193144,"79,20%",19,5,00:38:56,SAEP_54220,3,Projetar sistemas elétricos prediais,Considerando os requisitos e necessidades do cliente e as características do local do serviço.,Projeto Elétrico,Facil,C,C
SC,SENAI/SC - Luzerna,Noite,105692-T TELT 2025/1 N1,Técnico em Eletrotécnica,2025.2-TTELT-AV.DIAG.FASE3,20/08/2026 à 20/08/2026,7/2024 à 6/2028,Dorberto Adriano Peres de Oliveira,2193144,"79,20%",19,5,00:38:56,SAEP_54323,5,Manter sistemas elétricos industriais,"Considerando Legislação, Normas Técnicas, de Qualidade, de Segurança, Saúde e Sustentabilidade",Equipamentos de medição elétrica,Medio,A,A
SC,SENAI/SC - Luzerna,Noite,105692-T TELT 2025/1 N1,Técnico em Eletrotécnica,2025.2-TTELT-AV.DIAG.FASE3,20/08/2026 à 20/08/2026,7/2024 à 6/2028,Dorberto Adriano Peres de Oliveira,2193144,"79,20%",19,5,00:38:56,SAEP_54640,9,Instalar sistemas elétricos de potência,"Considerando as especificações do projeto elétrico de potência, manuais e catálogos dos equipamentos",Normas Técnicas e Regulamentações Aplicadas,Dificil,B,D
SC,SENAI/SC - Luzerna,Noite,105692-T TELT 2025/1 N1,Técnico em Eletrotécnica,2025.2-TTELT-AV.DIAG.FASE3,20/08/2026 à 20/08/2026,7/2024 à 6/2028,Dorberto Adriano Peres de Oliveira,2193144,"79,20%",19,5,00:38:56,SAEP_54725,5,Manter sistemas elétricos de potência,"Considerando Legislação, Normas Técnicas, de Qualidade, de Segurança, Saúde e Sustentabilidade",Equipamentos de medição elétrica,Medio,C,C
SC,SENAI/SC - Luzerna,Noite,105692-T TELT 2025/1 N1,Técnico em Eletrotécnica,2025.2-TTELT-AV.DIAG.FASE3,20/08/2026 à 20/08/2026,7/2024 à 6/2028,Dorberto Adriano Peres de Oliveira,2193144,"79,20%",19,5,00:38:56,SAEP_60004,1,Instalar sistemas elétricos prediais,"Considerando o Projeto Elétrico, Ordens de Serviço e Procedimentos Operacionais",Unidades de medidas,Dificil,A,B
SC,SENAI/SC - Luzerna,Noite,105692-T TELT 2025/1 N1,Técnico em Eletrotécnica,2025.2-TTELT-AV.DIAG.FASE3,20/08/2026 à 20/08/2026,7/2024 à 6/2028,Dorberto Adriano Peres de Oliveira,2193144,"79,20%",19,5,00:38:56,SAEP_60269,8,Implementar sistemas de energias renováveis,Considerando os requisitos da concessionária e características do projeto do cliente/consumidor,Sistema Fotovoltaico,Medio,B,B
SC,SENAI/SC - Luzerna,Noite,105692-T TELT 2025/1 N1,Técnico em Eletrotécnica,2025.2-TTELT-AV.DIAG.FASE3,20/08/2026 à 20/08/2026,7/2024 à 6/2028,Dorberto Adriano Peres de Oliveira,2193144,"79,20%",19,5,00:38:56,SAEP_60699,7,Integrar automação aos sistemas elétricos industriais,Considerando as soluções tecnológicas aplicáveis aos processos industriais,Acionamentos Eletroeletrônicos,Dificil,C,C
SC,SENAI/SC - Luzerna,Noite,105692-T TELT 2025/1 N1,Técnico em Eletrotécnica,2025.2-TTELT-AV.DIAG.FASE3,20/08/2026 à 20/08/2026,7/2024 à 6/2028,Dorberto Adriano Peres de Oliveira,2193144,"79,20%",19,5,00:38:56,SAEP_67739,7,Integrar automação aos sistemas elétricos industriais,Considerando as soluções tecnológicas aplicáveis aos processos industriais,Controladores Lógicos Programáveis (CLP),Dificil,B,B
SC,SENAI/SC - Luzerna,Noite,105692-T TELT 2025/1 N1,Técnico em Eletrotécnica,2025.2-TTELT-AV.DIAG.FASE3,20/08/2026 à 20/08/2026,7/2024 à 6/2028,Dorberto Adriano Peres de Oliveira,2193144,"79,20%",19,5,00:38:56,SAEP_67787,4,Manter sistemas elétricos prediais,,Manutenção Elétrica,Facil,C,C
SC,SENAI/SC - Luzerna,Noite,105692-T TELT 2025/1 N1,Técnico em Eletrotécnica,2025.2-TTELT-AV.DIAG.FASE3,20/08/2026 à 20/08/2026,7/2024 à 6/2028,Dorberto Adriano Peres de Oliveira,2193144,"79,20%",19,5,00:38:56,SAEP_69253,2,Projetar sistemas elétricos prediais,Considerando os requisitos e necessidades do cliente e as características do local do serviço.,Software de Desenho Assistido por Computador (CAD),Medio,A,A
SC,SENAI/SC - Luzerna,Noite,105692-T TELT 2025/1 N1,Técnico em Eletrotécnica,2025.2-TTELT-AV.DIAG.FASE3,20/08/2026 à 20/08/2026,7/2024 à 6/2028,Dorberto Adriano Peres de Oliveira,2193144,"79,20%",19,5,00:38:56,SAEP_76121,6,Integrar automação aos sistemas elétricos industriais,,Acionamentos Eletroeletrônicos,Dificil,D,D
SC,SENAI/SC - Luzerna,Noite,105692-T TELT 2025/1 N1,Técnico em Eletrotécnica,2025.2-TTELT-AV.DIAG.FASE3,20/08/2026 à 20/08/2026,7/2024 à 6/2028,Dorberto Adriano Peres de Oliveira,2193144,"79,20%",19,5,00:38:56,SAEP_76593,6,Integrar automação aos sistemas elétricos industriais,"Considerando as especificações do projeto industrial, manuais dos equipamentos e catálogos dos fabricantes",Acionamentos Eletroeletrônicos,Facil,D,D
SC,SENAI/SC - Luzerna,Noite,105692-T TELT 2025/1 N1,Técnico em Eletrotécnica,2025.2-TTELT-AV.DIAG.FASE3,20/08/2026 à 20/08/2026,7/2024 à 6/2028,Dorberto Adriano Peres de Oliveira,2193144,"79,20%",19,5,00:38:56,SAEP_76980,10,Projetar sistemas elétricos prediais,"Considerando Legislação, Normas Técnicas, de Qualidade, de Segurança, Saúde e Sustentabilidade",Sistema de Proteção contra Descargas Atmosféricas (SPDA),Facil,D,D
SC,SENAI/SC - Luzerna,Noite,105692-T TELT 2025/1 N1,Técnico em Eletrotécnica,2025.2-TTELT-AV.DIAG.FASE3,20/08/2026 à 20/08/2026,7/2024 à 6/2028,Dorberto Adriano Peres de Oliveira,2193144,"79,20%",19,5,00:38:56,SAEP_76994,10,Manter sistemas elétricos de potência,"Considerando as especificações do projeto elétrico de potência, manuais dos equipamentos e catálogos dos fabricantes",Redes de Distribuição,Medio,B,B
SC,SENAI/SC - Luzerna,Noite,105692-T TELT 2025/1 N1,Técnico em Eletrotécnica,2025.2-TTELT-AV.DIAG.FASE3,20/08/2026 à 20/08/2026,7/2024 à 6/2028,Dorberto Adriano Peres de Oliveira,2193144,"79,20%",19,5,00:38:56,SAEP_77014,2,Projetar sistemas elétricos de potência de acordo com os parâmetros da legislação vigente,Considerando os requisitos da concessionária e características do projeto do cliente/consumidor,Leitura e Interpretação de Desenhos Técnicos,Dificil,B,A
SC,SENAI/SC - Luzerna,Noite,105692-T TELT 2025/1 N1,Técnico em Eletrotécnica,2025.2-TTELT-AV.DIAG.FASE3,20/08/2026 à 20/08/2026,7/2024 à 6/2028,Dorberto Adriano Peres de Oliveira,2193144,"79,20%",19,5,00:38:56,SAEP_77534,10,Manter sistemas elétricos de potência,,Redes de Distribuição,Dificil,B,B
SC,SENAI/SC - Luzerna,Noite,105692-T TELT 2025/1 N1,Técnico em Eletrotécnica,2025.2-TTELT-AV.DIAG.FASE3,20/08/2026 à 20/08/2026,7/2024 à 6/2028,Dorberto Adriano Peres de Oliveira,2193144,"79,20%",19,5,00:38:56,SAEP_77686,5,Instalar sistemas elétricos prediais,"Considerando o Projeto Elétrico, Ordens de Serviço e Procedimentos Operacionais",Equipamentos de medição elétrica,Facil,B,B
SC,SENAI/SC - Luzerna,Noite,105692-T TELT 2025/1 N1,Técnico em Eletrotécnica,2025.2-TTELT-AV.DIAG.FASE3,20/08/2026 à 20/08/2026,7/2024 à 6/2028,Dorberto Adriano Peres de Oliveira,2193144,"79,20%",19,5,00:38:56,SAEP_77777,5,Manter sistemas elétricos industriais,,Equipamentos de medição elétrica,Medio,B,A
SC,SENAI/SC - Luzerna,Noite,105692-T TELT 2025/1 N1,Técnico em Eletrotécnica,2025.2-TTELT-AV.DIAG.FASE3,20/08/2026 à 20/08/2026,7/2024 à 6/2028,Dorberto Adriano Peres de Oliveira,2193144,"79,20%",19,5,00:38:56,SAEP_77862,9,Manter sistemas elétricos industriais,,Normas Técnicas e Regulamentações Aplicadas,Facil,A,A
SC,SENAI/SC - Luzerna,Noite,105692-T TELT 2025/1 N1,Técnico em Eletrotécnica,2025.2-TTELT-AV.DIAG.FASE3,20/08/2026 à 20/08/2026,7/2024 à 6/2028,Dorberto Adriano Peres de Oliveira,2193144,"79,20%",19,5,00:38:56,SAEP_78480,3,Projetar sistemas elétricos industriais,,"Normas Técnicas e Regulamentações Aplicadas, Projeto Elétrico",Medio,B,B
SC,SENAI/SC - Luzerna,Noite,105692-T TELT 2025/1 N1,Técnico em Eletrotécnica,2025.2-TTELT-AV.DIAG.FASE3,20/08/2026 à 20/08/2026,7/2024 à 6/2028,Dorberto Adriano Peres de Oliveira,2193144,"79,20%",19,5,00:38:56,SAEP_79948,8,Projetar sistemas elétricos prediais,"Considerando Legislação, Normas Técnicas, de Qualidade, de Segurança, Saúde e Sustentabilidade",Condutores Elétricos,Facil,B,B
SC,SENAI/SC - Luzerna,Noite,105692-T TELT 2025/1 N1,Técnico em Eletrotécnica,2025.2-TTELT-AV.DIAG.FASE3,20/08/2026 à 20/08/2026,7/2024 à 6/2028,Adriano Sartori,2113742,"79,20%",19,5,00:17:51,SAEP_37667,6,Integrar automação aos sistemas elétricos industriais,Considerando as soluções tecnológicas aplicáveis aos processos industriais,Acionamentos Eletroeletrônicos,Medio,C,C
SC,SENAI/SC - Luzerna,Noite,105692-T TELT 2025/1 N1,Técnico em Eletrotécnica,2025.2-TTELT-AV.DIAG.FASE3,20/08/2026 à 20/08/2026,7/2024 à 6/2028,Adriano Sartori,2113742,"79,20%",19,5,00:17:51,SAEP_50884,4,Manter sistemas elétricos prediais,"Considerando o Projeto Elétrico, Ordem de Serviço e o Plano de Controle da Manutenção - PCM",Manutenção Elétrica,Medio,A,B
SC,SENAI/SC - Luzerna,Noite,105692-T TELT 2025/1 N1,Técnico em Eletrotécnica,2025.2-TTELT-AV.DIAG.FASE3,20/08/2026 à 20/08/2026,7/2024 à 6/2028,Adriano Sartori,2113742,"79,20%",19,5,00:17:51,SAEP_54064,1,Instalar sistemas elétricos prediais,,Circuitos Elétricos em Corrente Alternada,Medio,B,B
SC,SENAI/SC - Luzerna,Noite,105692-T TELT 2025/1 N1,Técnico em Eletrotécnica,2025.2-TTELT-AV.DIAG.FASE3,20/08/2026 à 20/08/2026,7/2024 à 6/2028,Adriano Sartori,2113742,"79,20%",19,5,00:17:51,SAEP_54220,3,Projetar sistemas elétricos prediais,Considerando os requisitos e necessidades do cliente e as características do local do serviço.,Projeto Elétrico,Facil,C,C
SC,SENAI/SC - Luzerna,Noite,105692-T TELT 2025/1 N1,Técnico em Eletrotécnica,2025.2-TTELT-AV.DIAG.FASE3,20/08/2026 à 20/08/2026,7/2024 à 6/2028,Adriano Sartori,2113742,"79,20%",19,5,00:17:51,SAEP_54323,5,Manter sistemas elétricos industriais,"Considerando Legislação, Normas Técnicas, de Qualidade, de Segurança, Saúde e Sustentabilidade",Equipamentos de medição elétrica,Medio,A,A
SC,SENAI/SC - Luzerna,Noite,105692-T TELT 2025/1 N1,Técnico em Eletrotécnica,2025.2-TTELT-AV.DIAG.FASE3,20/08/2026 à 20/08/2026,7/2024 à 6/2028,Adriano Sartori,2113742,"79,20%",19,5,00:17:51,SAEP_54640,9,Instalar sistemas elétricos de potência,"Considerando as especificações do projeto elétrico de potência, manuais e catálogos dos equipamentos",Normas Técnicas e Regulamentações Aplicadas,Dificil,B,D
SC,SENAI/SC - Luzerna,Noite,105692-T TELT 2025/1 N1,Técnico em Eletrotécnica,2025.2-TTELT-AV.DIAG.FASE3,20/08/2026 à 20/08/2026,7/2024 à 6/2028,Adriano Sartori,2113742,"79,20%",19,5,00:17:51,SAEP_54725,5,Manter sistemas elétricos de potência,"Considerando Legislação, Normas Técnicas, de Qualidade, de Segurança, Saúde e Sustentabilidade",Equipamentos de medição elétrica,Medio,C,C
SC,SENAI/SC - Luzerna,Noite,105692-T TELT 2025/1 N1,Técnico em Eletrotécnica,2025.2-TTELT-AV.DIAG.FASE3,20/08/2026 à 20/08/2026,7/2024 à 6/2028,Adriano Sartori,2113742,"79,20%",19,5,00:17:51,SAEP_60004,1,Instalar sistemas elétricos prediais,"Considerando o Projeto Elétrico, Ordens de Serviço e Procedimentos Operacionais",Unidades de medidas,Dificil,B,B
SC,SENAI/SC - Luzerna,Noite,105692-T TELT 2025/1 N1,Técnico em Eletrotécnica,2025.2-TTELT-AV.DIAG.FASE3,20/08/2026 à 20/08/2026,7/2024 à 6/2028,Adriano Sartori,2113742,"79,20%",19,5,00:17:51,SAEP_60269,8,Implementar sistemas de energias renováveis,Considerando os requisitos da concessionária e características do projeto do cliente/consumidor,Sistema Fotovoltaico,Medio,B,B
SC,SENAI/SC - Luzerna,Noite,105692-T TELT 2025/1 N1,Técnico em Eletrotécnica,2025.2-TTELT-AV.DIAG.FASE3,20/08/2026 à 20/08/2026,7/2024 à 6/2028,Adriano Sartori,2113742,"79,20%",19,5,00:17:51,SAEP_60699,7,Integrar automação aos sistemas elétricos industriais,Considerando as soluções tecnológicas aplicáveis aos processos industriais,Acionamentos Eletroeletrônicos,Dificil,C,C
SC,SENAI/SC - Luzerna,Noite,105692-T TELT 2025/1 N1,Técnico em Eletrotécnica,2025.2-TTELT-AV.DIAG.FASE3,20/08/2026 à 20/08/2026,7/2024 à 6/2028,Adriano Sartori,2113742,"79,20%",19,5,00:17:51,SAEP_67739,7,Integrar automação aos sistemas elétricos industriais,Considerando as soluções tecnológicas aplicáveis aos processos industriais,Controladores Lógicos Programáveis (CLP),Dificil,B,B
SC,SENAI/SC - Luzerna,Noite,105692-T TELT 2025/1 N1,Técnico em Eletrotécnica,2025.2-TTELT-AV.DIAG.FASE3,20/08/2026 à 20/08/2026,7/2024 à 6/2028,Adriano Sartori,2113742,"79,20%",19,5,00:17:51,SAEP_67787,4,Manter sistemas elétricos prediais,,Manutenção Elétrica,Facil,C,C
SC,SENAI/SC - Luzerna,Noite,105692-T TELT 2025/1 N1,Técnico em Eletrotécnica,2025.2-TTELT-AV.DIAG.FASE3,20/08/2026 à 20/08/2026,7/2024 à 6/2028,Adriano Sartori,2113742,"79,20%",19,5,00:17:51,SAEP_69253,2,Projetar sistemas elétricos prediais,Considerando os requisitos e necessidades do cliente e as características do local do serviço.,Software de Desenho Assistido por Computador (CAD),Medio,B,A
SC,SENAI/SC - Luzerna,Noite,105692-T TELT 2025/1 N1,Técnico em Eletrotécnica,2025.2-TTELT-AV.DIAG.FASE3,20/08/2026 à 20/08/2026,7/2024 à 6/2028,Adriano Sartori,2113742,"79,20%",19,5,00:17:51,SAEP_76121,6,Integrar automação aos sistemas elétricos industriais,,Acionamentos Eletroeletrônicos,Dificil,B,D
SC,SENAI/SC - Luzerna,Noite,105692-T TELT 2025/1 N1,Técnico em Eletrotécnica,2025.2-TTELT-AV.DIAG.FASE3,20/08/2026 à 20/08/2026,7/2024 à 6/2028,Adriano Sartori,2113742,"79,20%",19,5,00:17:51,SAEP_76593,6,Integrar automação aos sistemas elétricos industriais,"Considerando as especificações do projeto industrial, manuais dos equipamentos e catálogos dos fabricantes",Acionamentos Eletroeletrônicos,Facil,A,D
SC,SENAI/SC - Luzerna,Noite,105692-T TELT 2025/1 N1,Técnico em Eletrotécnica,2025.2-TTELT-AV.DIAG.FASE3,20/08/2026 à 20/08/2026,7/2024 à 6/2028,Adriano Sartori,2113742,"79,20%",19,5,00:17:51,SAEP_76980,10,Projetar sistemas elétricos prediais,"Considerando Legislação, Normas Técnicas, de Qualidade, de Segurança, Saúde e Sustentabilidade",Sistema de Proteção contra Descargas Atmosféricas (SPDA),Facil,D,D
SC,SENAI/SC - Luzerna,Noite,105692-T TELT 2025/1 N1,Técnico em Eletrotécnica,2025.2-TTELT-AV.DIAG.FASE3,20/08/2026 à 20/08/2026,7/2024 à 6/2028,Adriano Sartori,2113742,"79,20%",19,5,00:17:51,SAEP_76994,10,Manter sistemas elétricos de potência,"Considerando as especificações do projeto elétrico de potência, manuais dos equipamentos e catálogos dos fabricantes",Redes de Distribuição,Medio,B,B
SC,SENAI/SC - Luzerna,Noite,105692-T TELT 2025/1 N1,Técnico em Eletrotécnica,2025.2-TTELT-AV.DIAG.FASE3,20/08/2026 à 20/08/2026,7/2024 à 6/2028,Adriano Sartori,2113742,"79,20%",19,5,00:17:51,SAEP_77014,2,Projetar sistemas elétricos de potência de acordo com os parâmetros da legislação vigente,Considerando os requisitos da concessionária e características do projeto do cliente/consumidor,Leitura e Interpretação de Desenhos Técnicos,Dificil,A,A
SC,SENAI/SC - Luzerna,Noite,105692-T TELT 2025/1 N1,Técnico em Eletrotécnica,2025.2-TTELT-AV.DIAG.FASE3,20/08/2026 à 20/08/2026,7/2024 à 6/2028,Adriano Sartori,2113742,"79,20%",19,5,00:17:51,SAEP_77534,10,Manter sistemas elétricos de potência,,Redes de Distribuição,Dificil,B,B
SC,SENAI/SC - Luzerna,Noite,105692-T TELT 2025/1 N1,Técnico em Eletrotécnica,2025.2-TTELT-AV.DIAG.FASE3,20/08/2026 à 20/08/2026,7/2024 à 6/2028,Adriano Sartori,2113742,"79,20%",19,5,00:17:51,SAEP_77686,5,Instalar sistemas elétricos prediais,"Considerando o Projeto Elétrico, Ordens de Serviço e Procedimentos Operacionais",Equipamentos de medição elétrica,Facil,B,B
SC,SENAI/SC - Luzerna,Noite,105692-T TELT 2025/1 N1,Técnico em Eletrotécnica,2025.2-TTELT-AV.DIAG.FASE3,20/08/2026 à 20/08/2026,7/2024 à 6/2028,Adriano Sartori,2113742,"79,20%",19,5,00:17:51,SAEP_77777,5,Manter sistemas elétricos industriais,,Equipamentos de medição elétrica,Medio,A,A
SC,SENAI/SC - Luzerna,Noite,105692-T TELT 2025/1 N1,Técnico em Eletrotécnica,2025.2-TTELT-AV.DIAG.FASE3,20/08/2026 à 20/08/2026,7/2024 à 6/2028,Adriano Sartori,2113742,"79,20%",19,5,00:17:51,SAEP_77862,9,Manter sistemas elétricos industriais,,Normas Técnicas e Regulamentações Aplicadas,Facil,A,A
SC,SENAI/SC - Luzerna,Noite,105692-T TELT 2025/1 N1,Técnico em Eletrotécnica,2025.2-TTELT-AV.DIAG.FASE3,20/08/2026 à 20/08/2026,7/2024 à 6/2028,Adriano Sartori,2113742,"79,20%",19,5,00:17:51,SAEP_78480,3,Projetar sistemas elétricos industriais,,"Normas Técnicas e Regulamentações Aplicadas, Projeto Elétrico",Medio,B,B
SC,SENAI/SC - Luzerna,Noite,105692-T TELT 2025/1 N1,Técnico em Eletrotécnica,2025.2-TTELT-AV.DIAG.FASE3,20/08/2026 à 20/08/2026,7/2024 à 6/2028,Adriano Sartori,2113742,"79,20%",19,5,00:17:51,SAEP_79948,8,Projetar sistemas elétricos prediais,"Considerando Legislação, Normas Técnicas, de Qualidade, de Segurança, Saúde e Sustentabilidade",Condutores Elétricos,Facil,B,B
SC,SENAI/SC - Luzerna,Noite,105692-T TELT 2025/1 N1,Técnico em Eletrotécnica,2025.2-TTELT-AV.DIAG.FASE3,20/08/2026 à 20/08/2026,7/2024 à 6/2028,Ederson Felipe Pereira Duarte,2192756,"79,20%",19,5,00:32:25,SAEP_37667,6,Integrar automação aos sistemas elétricos industriais,Considerando as soluções tecnológicas aplicáveis aos processos industriais,Acionamentos Eletroeletrônicos,Medio,C,C
SC,SENAI/SC - Luzerna,Noite,105692-T TELT 2025/1 N1,Técnico em Eletrotécnica,2025.2-TTELT-AV.DIAG.FASE3,20/08/2026 à 20/08/2026,7/2024 à 6/2028,Ederson Felipe Pereira Duarte,2192756,"79,20%",19,5,00:32:25,SAEP_50884,4,Manter sistemas elétricos prediais,"Considerando o Projeto Elétrico, Ordem de Serviço e o Plano de Controle da Manutenção - PCM",Manutenção Elétrica,Medio,B,B
SC,SENAI/SC - Luzerna,Noite,105692-T TELT 2025/1 N1,Técnico em Eletrotécnica,2025.2-TTELT-AV.DIAG.FASE3,20/08/2026 à 20/08/2026,7/2024 à 6/2028,Ederson Felipe Pereira Duarte,2192756,"79,20%",19,5,00:32:25,SAEP_54064,1,Instalar sistemas elétricos prediais,,Circuitos Elétricos em Corrente Alternada,Medio,B,B
SC,SENAI/SC - Luzerna,Noite,105692-T TELT 2025/1 N1,Técnico em Eletrotécnica,2025.2-TTELT-AV.DIAG.FASE3,20/08/2026 à 20/08/2026,7/2024 à 6/2028,Ederson Felipe Pereira Duarte,2192756,"79,20%",19,5,00:32:25,SAEP_54220,3,Projetar sistemas elétricos prediais,Considerando os requisitos e necessidades do cliente e as características do local do serviço.,Projeto Elétrico,Facil,C,C
SC,SENAI/SC - Luzerna,Noite,105692-T TELT 2025/1 N1,Técnico em Eletrotécnica,2025.2-TTELT-AV.DIAG.FASE3,20/08/2026 à 20/08/2026,7/2024 à 6/2028,Ederson Felipe Pereira Duarte,2192756,"79,20%",19,5,00:32:25,SAEP_54323,5,Manter sistemas elétricos industriais,"Considerando Legislação, Normas Técnicas, de Qualidade, de Segurança, Saúde e Sustentabilidade",Equipamentos de medição elétrica,Medio,A,A
SC,SENAI/SC - Luzerna,Noite,105692-T TELT 2025/1 N1,Técnico em Eletrotécnica,2025.2-TTELT-AV.DIAG.FASE3,20/08/2026 à 20/08/2026,7/2024 à 6/2028,Ederson Felipe Pereira Duarte,2192756,"79,20%",19,5,00:32:25,SAEP_54640,9,Instalar sistemas elétricos de potência,"Considerando as especificações do projeto elétrico de potência, manuais e catálogos dos equipamentos",Normas Técnicas e Regulamentações Aplicadas,Dificil,A,D
SC,SENAI/SC - Luzerna,Noite,105692-T TELT 2025/1 N1,Técnico em Eletrotécnica,2025.2-TTELT-AV.DIAG.FASE3,20/08/2026 à 20/08/2026,7/2024 à 6/2028,Ederson Felipe Pereira Duarte,2192756,"79,20%",19,5,00:32:25,SAEP_54725,5,Manter sistemas elétricos de potência,"Considerando Legislação, Normas Técnicas, de Qualidade, de Segurança, Saúde e Sustentabilidade",Equipamentos de medição elétrica,Medio,C,C
SC,SENAI/SC - Luzerna,Noite,105692-T TELT 2025/1 N1,Técnico em Eletrotécnica,2025.2-TTELT-AV.DIAG.FASE3,20/08/2026 à 20/08/2026,7/2024 à 6/2028,Ederson Felipe Pereira Duarte,2192756,"79,20%",19,5,00:32:25,SAEP_60004,1,Instalar sistemas elétricos prediais,"Considerando o Projeto Elétrico, Ordens de Serviço e Procedimentos Operacionais",Unidades de medidas,Dificil,D,B
SC,SENAI/SC - Luzerna,Noite,105692-T TELT 2025/1 N1,Técnico em Eletrotécnica,2025.2-TTELT-AV.DIAG.FASE3,20/08/2026 à 20/08/2026,7/2024 à 6/2028,Ederson Felipe Pereira Duarte,2192756,"79,20%",19,5,00:32:25,SAEP_60269,8,Implementar sistemas de energias renováveis,Considerando os requisitos da concessionária e características do projeto do cliente/consumidor,Sistema Fotovoltaico,Medio,B,B
SC,SENAI/SC - Luzerna,Noite,105692-T TELT 2025/1 N1,Técnico em Eletrotécnica,2025.2-TTELT-AV.DIAG.FASE3,20/08/2026 à 20/08/2026,7/2024 à 6/2028,Ederson Felipe Pereira Duarte,2192756,"79,20%",19,5,00:32:25,SAEP_60699,7,Integrar automação aos sistemas elétricos industriais,Considerando as soluções tecnológicas aplicáveis aos processos industriais,Acionamentos Eletroeletrônicos,Dificil,C,C
SC,SENAI/SC - Luzerna,Noite,105692-T TELT 2025/1 N1,Técnico em Eletrotécnica,2025.2-TTELT-AV.DIAG.FASE3,20/08/2026 à 20/08/2026,7/2024 à 6/2028,Ederson Felipe Pereira Duarte,2192756,"79,20%",19,5,00:32:25,SAEP_67739,7,Integrar automação aos sistemas elétricos industriais,Considerando as soluções tecnológicas aplicáveis aos processos industriais,Controladores Lógicos Programáveis (CLP),Dificil,B,B
SC,SENAI/SC - Luzerna,Noite,105692-T TELT 2025/1 N1,Técnico em Eletrotécnica,2025.2-TTELT-AV.DIAG.FASE3,20/08/2026 à 20/08/2026,7/2024 à 6/2028,Ederson Felipe Pereira Duarte,2192756,"79,20%",19,5,00:32:25,SAEP_67787,4,Manter sistemas elétricos prediais,,Manutenção Elétrica,Facil,C,C
SC,SENAI/SC - Luzerna,Noite,105692-T TELT 2025/1 N1,Técnico em Eletrotécnica,2025.2-TTELT-AV.DIAG.FASE3,20/08/2026 à 20/08/2026,7/2024 à 6/2028,Ederson Felipe Pereira Duarte,2192756,"79,20%",19,5,00:32:25,SAEP_69253,2,Projetar sistemas elétricos prediais,Considerando os requisitos e necessidades do cliente e as características do local do serviço.,Software de Desenho Assistido por Computador (CAD),Medio,A,A
SC,SENAI/SC - Luzerna,Noite,105692-T TELT 2025/1 N1,Técnico em Eletrotécnica,2025.2-TTELT-AV.DIAG.FASE3,20/08/2026 à 20/08/2026,7/2024 à 6/2028,Ederson Felipe Pereira Duarte,2192756,"79,20%",19,5,00:32:25,SAEP_76121,6,Integrar automação aos sistemas elétricos industriais,,Acionamentos Eletroeletrônicos,Dificil,A,D
SC,SENAI/SC - Luzerna,Noite,105692-T TELT 2025/1 N1,Técnico em Eletrotécnica,2025.2-TTELT-AV.DIAG.FASE3,20/08/2026 à 20/08/2026,7/2024 à 6/2028,Ederson Felipe Pereira Duarte,2192756,"79,20%",19,5,00:32:25,SAEP_76593,6,Integrar automação aos sistemas elétricos industriais,"Considerando as especificações do projeto industrial, manuais dos equipamentos e catálogos dos fabricantes",Acionamentos Eletroeletrônicos,Facil,D,D
SC,SENAI/SC - Luzerna,Noite,105692-T TELT 2025/1 N1,Técnico em Eletrotécnica,2025.2-TTELT-AV.DIAG.FASE3,20/08/2026 à 20/08/2026,7/2024 à 6/2028,Ederson Felipe Pereira Duarte,2192756,"79,20%",19,5,00:32:25,SAEP_76980,10,Projetar sistemas elétricos prediais,"Considerando Legislação, Normas Técnicas, de Qualidade, de Segurança, Saúde e Sustentabilidade",Sistema de Proteção contra Descargas Atmosféricas (SPDA),Facil,D,D
SC,SENAI/SC - Luzerna,Noite,105692-T TELT 2025/1 N1,Técnico em Eletrotécnica,2025.2-TTELT-AV.DIAG.FASE3,20/08/2026 à 20/08/2026,7/2024 à 6/2028,Ederson Felipe Pereira Duarte,2192756,"79,20%",19,5,00:32:25,SAEP_76994,10,Manter sistemas elétricos de potência,"Considerando as especificações do projeto elétrico de potência, manuais dos equipamentos e catálogos dos fabricantes",Redes de Distribuição,Medio,B,B
SC,SENAI/SC - Luzerna,Noite,105692-T TELT 2025/1 N1,Técnico em Eletrotécnica,2025.2-TTELT-AV.DIAG.FASE3,20/08/2026 à 20/08/2026,7/2024 à 6/2028,Ederson Felipe Pereira Duarte,2192756,"79,20%",19,5,00:32:25,SAEP_77014,2,Projetar sistemas elétricos de potência de acordo com os parâmetros da legislação vigente,Considerando os requisitos da concessionária e características do projeto do cliente/consumidor,Leitura e Interpretação de Desenhos Técnicos,Dificil,A,A
SC,SENAI/SC - Luzerna,Noite,105692-T TELT 2025/1 N1,Técnico em Eletrotécnica,2025.2-TTELT-AV.DIAG.FASE3,20/08/2026 à 20/08/2026,7/2024 à 6/2028,Ederson Felipe Pereira Duarte,2192756,"79,20%",19,5,00:32:25,SAEP_77534,10,Manter sistemas elétricos de potência,,Redes de Distribuição,Dificil,B,B
SC,SENAI/SC - Luzerna,Noite,105692-T TELT 2025/1 N1,Técnico em Eletrotécnica,2025.2-TTELT-AV.DIAG.FASE3,20/08/2026 à 20/08/2026,7/2024 à 6/2028,Ederson Felipe Pereira Duarte,2192756,"79,20%",19,5,00:32:25,SAEP_77686,5,Instalar sistemas elétricos prediais,"Considerando o Projeto Elétrico, Ordens de Serviço e Procedimentos Operacionais",Equipamentos de medição elétrica,Facil,B,B
SC,SENAI/SC - Luzerna,Noite,105692-T TELT 2025/1 N1,Técnico em Eletrotécnica,2025.2-TTELT-AV.DIAG.FASE3,20/08/2026 à 20/08/2026,7/2024 à 6/2028,Ederson Felipe Pereira Duarte,2192756,"79,20%",19,5,00:32:25,SAEP_77777,5,Manter sistemas elétricos industriais,,Equipamentos de medição elétrica,Medio,B,A
SC,SENAI/SC - Luzerna,Noite,105692-T TELT 2025/1 N1,Técnico em Eletrotécnica,2025.2-TTELT-AV.DIAG.FASE3,20/08/2026 à 20/08/2026,7/2024 à 6/2028,Ederson Felipe Pereira Duarte,2192756,"79,20%",19,5,00:32:25,SAEP_77862,9,Manter sistemas elétricos industriais,,Normas Técnicas e Regulamentações Aplicadas,Facil,A,A
SC,SENAI/SC - Luzerna,Noite,105692-T TELT 2025/1 N1,Técnico em Eletrotécnica,2025.2-TTELT-AV.DIAG.FASE3,20/08/2026 à 20/08/2026,7/2024 à 6/2028,Ederson Felipe Pereira Duarte,2192756,"79,20%",19,5,00:32:25,SAEP_78480,3,Projetar sistemas elétricos industriais,,"Normas Técnicas e Regulamentações Aplicadas, Projeto Elétrico",Medio,A,B
SC,SENAI/SC - Luzerna,Noite,105692-T TELT 2025/1 N1,Técnico em Eletrotécnica,2025.2-TTELT-AV.DIAG.FASE3,20/08/2026 à 20/08/2026,7/2024 à 6/2028,Ederson Felipe Pereira Duarte,2192756,"79,20%",19,5,00:32:25,SAEP_79948,8,Projetar sistemas elétricos prediais,"Considerando Legislação, Normas Técnicas, de Qualidade, de Segurança, Saúde e Sustentabilidade",Condutores Elétricos,Facil,B,B
SC,SENAI/SC - Luzerna,Noite,105692-T TELT 2025/1 N1,Técnico em Eletrotécnica,2025.2-TTELT-AV.DIAG.FASE3,20/08/2026 à 20/08/2026,7/2024 à 6/2028,Vítor Gabriel Silveira dos Santos,2203586,"75,00%",18,6,00:18:06,SAEP_37667,6,Integrar automação aos sistemas elétricos industriais,Considerando as soluções tecnológicas aplicáveis aos processos industriais,Acionamentos Eletroeletrônicos,Medio,C,C
SC,SENAI/SC - Luzerna,Noite,105692-T TELT 2025/1 N1,Técnico em Eletrotécnica,2025.2-TTELT-AV.DIAG.FASE3,20/08/2026 à 20/08/2026,7/2024 à 6/2028,Vítor Gabriel Silveira dos Santos,2203586,"75,00%",18,6,00:18:06,SAEP_50884,4,Manter sistemas elétricos prediais,"Considerando o Projeto Elétrico, Ordem de Serviço e o Plano de Controle da Manutenção - PCM",Manutenção Elétrica,Medio,B,B
SC,SENAI/SC - Luzerna,Noite,105692-T TELT 2025/1 N1,Técnico em Eletrotécnica,2025.2-TTELT-AV.DIAG.FASE3,20/08/2026 à 20/08/2026,7/2024 à 6/2028,Vítor Gabriel Silveira dos Santos,2203586,"75,00%",18,6,00:18:06,SAEP_54064,1,Instalar sistemas elétricos prediais,,Circuitos Elétricos em Corrente Alternada,Medio,B,B
SC,SENAI/SC - Luzerna,Noite,105692-T TELT 2025/1 N1,Técnico em Eletrotécnica,2025.2-TTELT-AV.DIAG.FASE3,20/08/2026 à 20/08/2026,7/2024 à 6/2028,Vítor Gabriel Silveira dos Santos,2203586,"75,00%",18,6,00:18:06,SAEP_54220,3,Projetar sistemas elétricos prediais,Considerando os requisitos e necessidades do cliente e as características do local do serviço.,Projeto Elétrico,Facil,C,C
SC,SENAI/SC - Luzerna,Noite,105692-T TELT 2025/1 N1,Técnico em Eletrotécnica,2025.2-TTELT-AV.DIAG.FASE3,20/08/2026 à 20/08/2026,7/2024 à 6/2028,Vítor Gabriel Silveira dos Santos,2203586,"75,00%",18,6,00:18:06,SAEP_54323,5,Manter sistemas elétricos industriais,"Considerando Legislação, Normas Técnicas, de Qualidade, de Segurança, Saúde e Sustentabilidade",Equipamentos de medição elétrica,Medio,A,A
SC,SENAI/SC - Luzerna,Noite,105692-T TELT 2025/1 N1,Técnico em Eletrotécnica,2025.2-TTELT-AV.DIAG.FASE3,20/08/2026 à 20/08/2026,7/2024 à 6/2028,Vítor Gabriel Silveira dos Santos,2203586,"75,00%",18,6,00:18:06,SAEP_54640,9,Instalar sistemas elétricos de potência,"Considerando as especificações do projeto elétrico de potência, manuais e catálogos dos equipamentos",Normas Técnicas e Regulamentações Aplicadas,Dificil,C,D
SC,SENAI/SC - Luzerna,Noite,105692-T TELT 2025/1 N1,Técnico em Eletrotécnica,2025.2-TTELT-AV.DIAG.FASE3,20/08/2026 à 20/08/2026,7/2024 à 6/2028,Vítor Gabriel Silveira dos Santos,2203586,"75,00%",18,6,00:18:06,SAEP_54725,5,Manter sistemas elétricos de potência,"Considerando Legislação, Normas Técnicas, de Qualidade, de Segurança, Saúde e Sustentabilidade",Equipamentos de medição elétrica,Medio,B,C
SC,SENAI/SC - Luzerna,Noite,105692-T TELT 2025/1 N1,Técnico em Eletrotécnica,2025.2-TTELT-AV.DIAG.FASE3,20/08/2026 à 20/08/2026,7/2024 à 6/2028,Vítor Gabriel Silveira dos Santos,2203586,"75,00%",18,6,00:18:06,SAEP_60004,1,Instalar sistemas elétricos prediais,"Considerando o Projeto Elétrico, Ordens de Serviço e Procedimentos Operacionais",Unidades de medidas,Dificil,B,B
SC,SENAI/SC - Luzerna,Noite,105692-T TELT 2025/1 N1,Técnico em Eletrotécnica,2025.2-TTELT-AV.DIAG.FASE3,20/08/2026 à 20/08/2026,7/2024 à 6/2028,Vítor Gabriel Silveira dos Santos,2203586,"75,00%",18,6,00:18:06,SAEP_60269,8,Implementar sistemas de energias renováveis,Considerando os requisitos da concessionária e características do projeto do cliente/consumidor,Sistema Fotovoltaico,Medio,B,B
SC,SENAI/SC - Luzerna,Noite,105692-T TELT 2025/1 N1,Técnico em Eletrotécnica,2025.2-TTELT-AV.DIAG.FASE3,20/08/2026 à 20/08/2026,7/2024 à 6/2028,Vítor Gabriel Silveira dos Santos,2203586,"75,00%",18,6,00:18:06,SAEP_60699,7,Integrar automação aos sistemas elétricos industriais,Considerando as soluções tecnológicas aplicáveis aos processos industriais,Acionamentos Eletroeletrônicos,Dificil,C,C
SC,SENAI/SC - Luzerna,Noite,105692-T TELT 2025/1 N1,Técnico em Eletrotécnica,2025.2-TTELT-AV.DIAG.FASE3,20/08/2026 à 20/08/2026,7/2024 à 6/2028,Vítor Gabriel Silveira dos Santos,2203586,"75,00%",18,6,00:18:06,SAEP_67739,7,Integrar automação aos sistemas elétricos industriais,Considerando as soluções tecnológicas aplicáveis aos processos industriais,Controladores Lógicos Programáveis (CLP),Dificil,C,B
SC,SENAI/SC - Luzerna,Noite,105692-T TELT 2025/1 N1,Técnico em Eletrotécnica,2025.2-TTELT-AV.DIAG.FASE3,20/08/2026 à 20/08/2026,7/2024 à 6/2028,Vítor Gabriel Silveira dos Santos,2203586,"75,00%",18,6,00:18:06,SAEP_67787,4,Manter sistemas elétricos prediais,,Manutenção Elétrica,Facil,C,C
SC,SENAI/SC - Luzerna,Noite,105692-T TELT 2025/1 N1,Técnico em Eletrotécnica,2025.2-TTELT-AV.DIAG.FASE3,20/08/2026 à 20/08/2026,7/2024 à 6/2028,Vítor Gabriel Silveira dos Santos,2203586,"75,00%",18,6,00:18:06,SAEP_69253,2,Projetar sistemas elétricos prediais,Considerando os requisitos e necessidades do cliente e as características do local do serviço.,Software de Desenho Assistido por Computador (CAD),Medio,D,A
SC,SENAI/SC - Luzerna,Noite,105692-T TELT 2025/1 N1,Técnico em Eletrotécnica,2025.2-TTELT-AV.DIAG.FASE3,20/08/2026 à 20/08/2026,7/2024 à 6/2028,Vítor Gabriel Silveira dos Santos,2203586,"75,00%",18,6,00:18:06,SAEP_76121,6,Integrar automação aos sistemas elétricos industriais,,Acionamentos Eletroeletrônicos,Dificil,D,D
SC,SENAI/SC - Luzerna,Noite,105692-T TELT 2025/1 N1,Técnico em Eletrotécnica,2025.2-TTELT-AV.DIAG.FASE3,20/08/2026 à 20/08/2026,7/2024 à 6/2028,Vítor Gabriel Silveira dos Santos,2203586,"75,00%",18,6,00:18:06,SAEP_76593,6,Integrar automação aos sistemas elétricos industriais,"Considerando as especificações do projeto industrial, manuais dos equipamentos e catálogos dos fabricantes",Acionamentos Eletroeletrônicos,Facil,D,D
SC,SENAI/SC - Luzerna,Noite,105692-T TELT 2025/1 N1,Técnico em Eletrotécnica,2025.2-TTELT-AV.DIAG.FASE3,20/08/2026 à 20/08/2026,7/2024 à 6/2028,Vítor Gabriel Silveira dos Santos,2203586,"75,00%",18,6,00:18:06,SAEP_76980,10,Projetar sistemas elétricos prediais,"Considerando Legislação, Normas Técnicas, de Qualidade, de Segurança, Saúde e Sustentabilidade",Sistema de Proteção contra Descargas Atmosféricas (SPDA),Facil,D,D
SC,SENAI/SC - Luzerna,Noite,105692-T TELT 2025/1 N1,Técnico em Eletrotécnica,2025.2-TTELT-AV.DIAG.FASE3,20/08/2026 à 20/08/2026,7/2024 à 6/2028,Vítor Gabriel Silveira dos Santos,2203586,"75,00%",18,6,00:18:06,SAEP_76994,10,Manter sistemas elétricos de potência,"Considerando as especificações do projeto elétrico de potência, manuais dos equipamentos e catálogos dos fabricantes",Redes de Distribuição,Medio,B,B
SC,SENAI/SC - Luzerna,Noite,105692-T TELT 2025/1 N1,Técnico em Eletrotécnica,2025.2-TTELT-AV.DIAG.FASE3,20/08/2026 à 20/08/2026,7/2024 à 6/2028,Vítor Gabriel Silveira dos Santos,2203586,"75,00%",18,6,00:18:06,SAEP_77014,2,Projetar sistemas elétricos de potência de acordo com os parâmetros da legislação vigente,Considerando os requisitos da concessionária e características do projeto do cliente/consumidor,Leitura e Interpretação de Desenhos Técnicos,Dificil,B,A
SC,SENAI/SC - Luzerna,Noite,105692-T TELT 2025/1 N1,Técnico em Eletrotécnica,2025.2-TTELT-AV.DIAG.FASE3,20/08/2026 à 20/08/2026,7/2024 à 6/2028,Vítor Gabriel Silveira dos Santos,2203586,"75,00%",18,6,00:18:06,SAEP_77534,10,Manter sistemas elétricos de potência,,Redes de Distribuição,Dificil,B,B
SC,SENAI/SC - Luzerna,Noite,105692-T TELT 2025/1 N1,Técnico em Eletrotécnica,2025.2-TTELT-AV.DIAG.FASE3,20/08/2026 à 20/08/2026,7/2024 à 6/2028,Vítor Gabriel Silveira dos Santos,2203586,"75,00%",18,6,00:18:06,SAEP_77686,5,Instalar sistemas elétricos prediais,"Considerando o Projeto Elétrico, Ordens de Serviço e Procedimentos Operacionais",Equipamentos de medição elétrica,Facil,B,B
SC,SENAI/SC - Luzerna,Noite,105692-T TELT 2025/1 N1,Técnico em Eletrotécnica,2025.2-TTELT-AV.DIAG.FASE3,20/08/2026 à 20/08/2026,7/2024 à 6/2028,Vítor Gabriel Silveira dos Santos,2203586,"75,00%",18,6,00:18:06,SAEP_77777,5,Manter sistemas elétricos industriais,,Equipamentos de medição elétrica,Medio,D,A
SC,SENAI/SC - Luzerna,Noite,105692-T TELT 2025/1 N1,Técnico em Eletrotécnica,2025.2-TTELT-AV.DIAG.FASE3,20/08/2026 à 20/08/2026,7/2024 à 6/2028,Vítor Gabriel Silveira dos Santos,2203586,"75,00%",18,6,00:18:06,SAEP_77862,9,Manter sistemas elétricos industriais,,Normas Técnicas e Regulamentações Aplicadas,Facil,A,A
SC,SENAI/SC - Luzerna,Noite,105692-T TELT 2025/1 N1,Técnico em Eletrotécnica,2025.2-TTELT-AV.DIAG.FASE3,20/08/2026 à 20/08/2026,7/2024 à 6/2028,Vítor Gabriel Silveira dos Santos,2203586,"75,00%",18,6,00:18:06,SAEP_78480,3,Projetar sistemas elétricos industriais,,"Normas Técnicas e Regulamentações Aplicadas, Projeto Elétrico",Medio,B,B
SC,SENAI/SC - Luzerna,Noite,105692-T TELT 2025/1 N1,Técnico em Eletrotécnica,2025.2-TTELT-AV.DIAG.FASE3,20/08/2026 à 20/08/2026,7/2024 à 6/2028,Vítor Gabriel Silveira dos Santos,2203586,"75,00%",18,6,00:18:06,SAEP_79948,8,Projetar sistemas elétricos prediais,"Considerando Legislação, Normas Técnicas, de Qualidade, de Segurança, Saúde e Sustentabilidade",Condutores Elétricos,Facil,B,B
SC,SENAI/SC - Luzerna,Noite,105692-T TELT 2025/1 N1,Técnico em Eletrotécnica,2025.2-TTELT-AV.DIAG.FASE3,20/08/2026 à 20/08/2026,7/2024 à 6/2028,Bruno Leonardo Selzlein Melere,2158947,"75,00%",18,6,00:17:23,SAEP_37667,6,Integrar automação aos sistemas elétricos industriais,Considerando as soluções tecnológicas aplicáveis aos processos industriais,Acionamentos Eletroeletrônicos,Medio,C,C
SC,SENAI/SC - Luzerna,Noite,105692-T TELT 2025/1 N1,Técnico em Eletrotécnica,2025.2-TTELT-AV.DIAG.FASE3,20/08/2026 à 20/08/2026,7/2024 à 6/2028,Bruno Leonardo Selzlein Melere,2158947,"75,00%",18,6,00:17:23,SAEP_50884,4,Manter sistemas elétricos prediais,"Considerando o Projeto Elétrico, Ordem de Serviço e o Plano de Controle da Manutenção - PCM",Manutenção Elétrica,Medio,B,B
SC,SENAI/SC - Luzerna,Noite,105692-T TELT 2025/1 N1,Técnico em Eletrotécnica,2025.2-TTELT-AV.DIAG.FASE3,20/08/2026 à 20/08/2026,7/2024 à 6/2028,Bruno Leonardo Selzlein Melere,2158947,"75,00%",18,6,00:17:23,SAEP_54064,1,Instalar sistemas elétricos prediais,,Circuitos Elétricos em Corrente Alternada,Medio,B,B
SC,SENAI/SC - Luzerna,Noite,105692-T TELT 2025/1 N1,Técnico em Eletrotécnica,2025.2-TTELT-AV.DIAG.FASE3,20/08/2026 à 20/08/2026,7/2024 à 6/2028,Bruno Leonardo Selzlein Melere,2158947,"75,00%",18,6,00:17:23,SAEP_54220,3,Projetar sistemas elétricos prediais,Considerando os requisitos e necessidades do cliente e as características do local do serviço.,Projeto Elétrico,Facil,C,C
SC,SENAI/SC - Luzerna,Noite,105692-T TELT 2025/1 N1,Técnico em Eletrotécnica,2025.2-TTELT-AV.DIAG.FASE3,20/08/2026 à 20/08/2026,7/2024 à 6/2028,Bruno Leonardo Selzlein Melere,2158947,"75,00%",18,6,00:17:23,SAEP_54323,5,Manter sistemas elétricos industriais,"Considerando Legislação, Normas Técnicas, de Qualidade, de Segurança, Saúde e Sustentabilidade",Equipamentos de medição elétrica,Medio,A,A
SC,SENAI/SC - Luzerna,Noite,105692-T TELT 2025/1 N1,Técnico em Eletrotécnica,2025.2-TTELT-AV.DIAG.FASE3,20/08/2026 à 20/08/2026,7/2024 à 6/2028,Bruno Leonardo Selzlein Melere,2158947,"75,00%",18,6,00:17:23,SAEP_54640,9,Instalar sistemas elétricos de potência,"Considerando as especificações do projeto elétrico de potência, manuais e catálogos dos equipamentos",Normas Técnicas e Regulamentações Aplicadas,Dificil,B,D
SC,SENAI/SC - Luzerna,Noite,105692-T TELT 2025/1 N1,Técnico em Eletrotécnica,2025.2-TTELT-AV.DIAG.FASE3,20/08/2026 à 20/08/2026,7/2024 à 6/2028,Bruno Leonardo Selzlein Melere,2158947,"75,00%",18,6,00:17:23,SAEP_54725,5,Manter sistemas elétricos de potência,"Considerando Legislação, Normas Técnicas, de Qualidade, de Segurança, Saúde e Sustentabilidade",Equipamentos de medição elétrica,Medio,C,C
SC,SENAI/SC - Luzerna,Noite,105692-T TELT 2025/1 N1,Técnico em Eletrotécnica,2025.2-TTELT-AV.DIAG.FASE3,20/08/2026 à 20/08/2026,7/2024 à 6/2028,Bruno Leonardo Selzlein Melere,2158947,"75,00%",18,6,00:17:23,SAEP_60004,1,Instalar sistemas elétricos prediais,"Considerando o Projeto Elétrico, Ordens de Serviço e Procedimentos Operacionais",Unidades de medidas,Dificil,B,B
SC,SENAI/SC - Luzerna,Noite,105692-T TELT 2025/1 N1,Técnico em Eletrotécnica,2025.2-TTELT-AV.DIAG.FASE3,20/08/2026 à 20/08/2026,7/2024 à 6/2028,Bruno Leonardo Selzlein Melere,2158947,"75,00%",18,6,00:17:23,SAEP_60269,8,Implementar sistemas de energias renováveis,Considerando os requisitos da concessionária e características do projeto do cliente/consumidor,Sistema Fotovoltaico,Medio,B,B
SC,SENAI/SC - Luzerna,Noite,105692-T TELT 2025/1 N1,Técnico em Eletrotécnica,2025.2-TTELT-AV.DIAG.FASE3,20/08/2026 à 20/08/2026,7/2024 à 6/2028,Bruno Leonardo Selzlein Melere,2158947,"75,00%",18,6,00:17:23,SAEP_60699,7,Integrar automação aos sistemas elétricos industriais,Considerando as soluções tecnológicas aplicáveis aos processos industriais,Acionamentos Eletroeletrônicos,Dificil,C,C
SC,SENAI/SC - Luzerna,Noite,105692-T TELT 2025/1 N1,Técnico em Eletrotécnica,2025.2-TTELT-AV.DIAG.FASE3,20/08/2026 à 20/08/2026,7/2024 à 6/2028,Bruno Leonardo Selzlein Melere,2158947,"75,00%",18,6,00:17:23,SAEP_67739,7,Integrar automação aos sistemas elétricos industriais,Considerando as soluções tecnológicas aplicáveis aos processos industriais,Controladores Lógicos Programáveis (CLP),Dificil,B,B
SC,SENAI/SC - Luzerna,Noite,105692-T TELT 2025/1 N1,Técnico em Eletrotécnica,2025.2-TTELT-AV.DIAG.FASE3,20/08/2026 à 20/08/2026,7/2024 à 6/2028,Bruno Leonardo Selzlein Melere,2158947,"75,00%",18,6,00:17:23,SAEP_67787,4,Manter sistemas elétricos prediais,,Manutenção Elétrica,Facil,C,C
SC,SENAI/SC - Luzerna,Noite,105692-T TELT 2025/1 N1,Técnico em Eletrotécnica,2025.2-TTELT-AV.DIAG.FASE3,20/08/2026 à 20/08/2026,7/2024 à 6/2028,Bruno Leonardo Selzlein Melere,2158947,"75,00%",18,6,00:17:23,SAEP_69253,2,Projetar sistemas elétricos prediais,Considerando os requisitos e necessidades do cliente e as características do local do serviço.,Software de Desenho Assistido por Computador (CAD),Medio,A,A
SC,SENAI/SC - Luzerna,Noite,105692-T TELT 2025/1 N1,Técnico em Eletrotécnica,2025.2-TTELT-AV.DIAG.FASE3,20/08/2026 à 20/08/2026,7/2024 à 6/2028,Bruno Leonardo Selzlein Melere,2158947,"75,00%",18,6,00:17:23,SAEP_76121,6,Integrar automação aos sistemas elétricos industriais,,Acionamentos Eletroeletrônicos,Dificil,B,D
SC,SENAI/SC - Luzerna,Noite,105692-T TELT 2025/1 N1,Técnico em Eletrotécnica,2025.2-TTELT-AV.DIAG.FASE3,20/08/2026 à 20/08/2026,7/2024 à 6/2028,Bruno Leonardo Selzlein Melere,2158947,"75,00%",18,6,00:17:23,SAEP_76593,6,Integrar automação aos sistemas elétricos industriais,"Considerando as especificações do projeto industrial, manuais dos equipamentos e catálogos dos fabricantes",Acionamentos Eletroeletrônicos,Facil,A,D
SC,SENAI/SC - Luzerna,Noite,105692-T TELT 2025/1 N1,Técnico em Eletrotécnica,2025.2-TTELT-AV.DIAG.FASE3,20/08/2026 à 20/08/2026,7/2024 à 6/2028,Bruno Leonardo Selzlein Melere,2158947,"75,00%",18,6,00:17:23,SAEP_76980,10,Projetar sistemas elétricos prediais,"Considerando Legislação, Normas Técnicas, de Qualidade, de Segurança, Saúde e Sustentabilidade",Sistema de Proteção contra Descargas Atmosféricas (SPDA),Facil,D,D
SC,SENAI/SC - Luzerna,Noite,105692-T TELT 2025/1 N1,Técnico em Eletrotécnica,2025.2-TTELT-AV.DIAG.FASE3,20/08/2026 à 20/08/2026,7/2024 à 6/2028,Bruno Leonardo Selzlein Melere,2158947,"75,00%",18,6,00:17:23,SAEP_76994,10,Manter sistemas elétricos de potência,"Considerando as especificações do projeto elétrico de potência, manuais dos equipamentos e catálogos dos fabricantes",Redes de Distribuição,Medio,B,B
SC,SENAI/SC - Luzerna,Noite,105692-T TELT 2025/1 N1,Técnico em Eletrotécnica,2025.2-TTELT-AV.DIAG.FASE3,20/08/2026 à 20/08/2026,7/2024 à 6/2028,Bruno Leonardo Selzlein Melere,2158947,"75,00%",18,6,00:17:23,SAEP_77014,2,Projetar sistemas elétricos de potência de acordo com os parâmetros da legislação vigente,Considerando os requisitos da concessionária e características do projeto do cliente/consumidor,Leitura e Interpretação de Desenhos Técnicos,Dificil,A,A
SC,SENAI/SC - Luzerna,Noite,105692-T TELT 2025/1 N1,Técnico em Eletrotécnica,2025.2-TTELT-AV.DIAG.FASE3,20/08/2026 à 20/08/2026,7/2024 à 6/2028,Bruno Leonardo Selzlein Melere,2158947,"75,00%",18,6,00:17:23,SAEP_77534,10,Manter sistemas elétricos de potência,,Redes de Distribuição,Dificil,B,B
SC,SENAI/SC - Luzerna,Noite,105692-T TELT 2025/1 N1,Técnico em Eletrotécnica,2025.2-TTELT-AV.DIAG.FASE3,20/08/2026 à 20/08/2026,7/2024 à 6/2028,Bruno Leonardo Selzlein Melere,2158947,"75,00%",18,6,00:17:23,SAEP_77686,5,Instalar sistemas elétricos prediais,"Considerando o Projeto Elétrico, Ordens de Serviço e Procedimentos Operacionais",Equipamentos de medição elétrica,Facil,A,B
SC,SENAI/SC - Luzerna,Noite,105692-T TELT 2025/1 N1,Técnico em Eletrotécnica,2025.2-TTELT-AV.DIAG.FASE3,20/08/2026 à 20/08/2026,7/2024 à 6/2028,Bruno Leonardo Selzlein Melere,2158947,"75,00%",18,6,00:17:23,SAEP_77777,5,Manter sistemas elétricos industriais,,Equipamentos de medição elétrica,Medio,D,A
SC,SENAI/SC - Luzerna,Noite,105692-T TELT 2025/1 N1,Técnico em Eletrotécnica,2025.2-TTELT-AV.DIAG.FASE3,20/08/2026 à 20/08/2026,7/2024 à 6/2028,Bruno Leonardo Selzlein Melere,2158947,"75,00%",18,6,00:17:23,SAEP_77862,9,Manter sistemas elétricos industriais,,Normas Técnicas e Regulamentações Aplicadas,Facil,A,A
SC,SENAI/SC - Luzerna,Noite,105692-T TELT 2025/1 N1,Técnico em Eletrotécnica,2025.2-TTELT-AV.DIAG.FASE3,20/08/2026 à 20/08/2026,7/2024 à 6/2028,Bruno Leonardo Selzlein Melere,2158947,"75,00%",18,6,00:17:23,SAEP_78480,3,Projetar sistemas elétricos industriais,,"Normas Técnicas e Regulamentações Aplicadas, Projeto Elétrico",Medio,A,B
SC,SENAI/SC - Luzerna,Noite,105692-T TELT 2025/1 N1,Técnico em Eletrotécnica,2025.2-TTELT-AV.DIAG.FASE3,20/08/2026 à 20/08/2026,7/2024 à 6/2028,Bruno Leonardo Selzlein Melere,2158947,"75,00%",18,6,00:17:23,SAEP_79948,8,Projetar sistemas elétricos prediais,"Considerando Legislação, Normas Técnicas, de Qualidade, de Segurança, Saúde e Sustentabilidade",Condutores Elétricos,Facil,B,B
SC,SENAI/SC - Luzerna,Noite,105692-T TELT 2025/1 N1,Técnico em Eletrotécnica,2025.2-TTELT-AV.DIAG.FASE3,20/08/2026 à 20/08/2026,7/2024 à 6/2028,Vinicius Bizinela Meneghini,2149338,"70,80%",17,7,00:32:25,SAEP_37667,6,Integrar automação aos sistemas elétricos industriais,Considerando as soluções tecnológicas aplicáveis aos processos industriais,Acionamentos Eletroeletrônicos,Medio,C,C
SC,SENAI/SC - Luzerna,Noite,105692-T TELT 2025/1 N1,Técnico em Eletrotécnica,2025.2-TTELT-AV.DIAG.FASE3,20/08/2026 à 20/08/2026,7/2024 à 6/2028,Vinicius Bizinela Meneghini,2149338,"70,80%",17,7,00:32:25,SAEP_50884,4,Manter sistemas elétricos prediais,"Considerando o Projeto Elétrico, Ordem de Serviço e o Plano de Controle da Manutenção - PCM",Manutenção Elétrica,Medio,A,B
SC,SENAI/SC - Luzerna,Noite,105692-T TELT 2025/1 N1,Técnico em Eletrotécnica,2025.2-TTELT-AV.DIAG.FASE3,20/08/2026 à 20/08/2026,7/2024 à 6/2028,Vinicius Bizinela Meneghini,2149338,"70,80%",17,7,00:32:25,SAEP_54064,1,Instalar sistemas elétricos prediais,,Circuitos Elétricos em Corrente Alternada,Medio,B,B
SC,SENAI/SC - Luzerna,Noite,105692-T TELT 2025/1 N1,Técnico em Eletrotécnica,2025.2-TTELT-AV.DIAG.FASE3,20/08/2026 à 20/08/2026,7/2024 à 6/2028,Vinicius Bizinela Meneghini,2149338,"70,80%",17,7,00:32:25,SAEP_54220,3,Projetar sistemas elétricos prediais,Considerando os requisitos e necessidades do cliente e as características do local do serviço.,Projeto Elétrico,Facil,C,C
SC,SENAI/SC - Luzerna,Noite,105692-T TELT 2025/1 N1,Técnico em Eletrotécnica,2025.2-TTELT-AV.DIAG.FASE3,20/08/2026 à 20/08/2026,7/2024 à 6/2028,Vinicius Bizinela Meneghini,2149338,"70,80%",17,7,00:32:25,SAEP_54323,5,Manter sistemas elétricos industriais,"Considerando Legislação, Normas Técnicas, de Qualidade, de Segurança, Saúde e Sustentabilidade",Equipamentos de medição elétrica,Medio,A,A
SC,SENAI/SC - Luzerna,Noite,105692-T TELT 2025/1 N1,Técnico em Eletrotécnica,2025.2-TTELT-AV.DIAG.FASE3,20/08/2026 à 20/08/2026,7/2024 à 6/2028,Vinicius Bizinela Meneghini,2149338,"70,80%",17,7,00:32:25,SAEP_54640,9,Instalar sistemas elétricos de potência,"Considerando as especificações do projeto elétrico de potência, manuais e catálogos dos equipamentos",Normas Técnicas e Regulamentações Aplicadas,Dificil,B,D
SC,SENAI/SC - Luzerna,Noite,105692-T TELT 2025/1 N1,Técnico em Eletrotécnica,2025.2-TTELT-AV.DIAG.FASE3,20/08/2026 à 20/08/2026,7/2024 à 6/2028,Vinicius Bizinela Meneghini,2149338,"70,80%",17,7,00:32:25,SAEP_54725,5,Manter sistemas elétricos de potência,"Considerando Legislação, Normas Técnicas, de Qualidade, de Segurança, Saúde e Sustentabilidade",Equipamentos de medição elétrica,Medio,C,C
SC,SENAI/SC - Luzerna,Noite,105692-T TELT 2025/1 N1,Técnico em Eletrotécnica,2025.2-TTELT-AV.DIAG.FASE3,20/08/2026 à 20/08/2026,7/2024 à 6/2028,Vinicius Bizinela Meneghini,2149338,"70,80%",17,7,00:32:25,SAEP_60004,1,Instalar sistemas elétricos prediais,"Considerando o Projeto Elétrico, Ordens de Serviço e Procedimentos Operacionais",Unidades de medidas,Dificil,D,B
SC,SENAI/SC - Luzerna,Noite,105692-T TELT 2025/1 N1,Técnico em Eletrotécnica,2025.2-TTELT-AV.DIAG.FASE3,20/08/2026 à 20/08/2026,7/2024 à 6/2028,Vinicius Bizinela Meneghini,2149338,"70,80%",17,7,00:32:25,SAEP_60269,8,Implementar sistemas de energias renováveis,Considerando os requisitos da concessionária e características do projeto do cliente/consumidor,Sistema Fotovoltaico,Medio,B,B
SC,SENAI/SC - Luzerna,Noite,105692-T TELT 2025/1 N1,Técnico em Eletrotécnica,2025.2-TTELT-AV.DIAG.FASE3,20/08/2026 à 20/08/2026,7/2024 à 6/2028,Vinicius Bizinela Meneghini,2149338,"70,80%",17,7,00:32:25,SAEP_60699,7,Integrar automação aos sistemas elétricos industriais,Considerando as soluções tecnológicas aplicáveis aos processos industriais,Acionamentos Eletroeletrônicos,Dificil,C,C
SC,SENAI/SC - Luzerna,Noite,105692-T TELT 2025/1 N1,Técnico em Eletrotécnica,2025.2-TTELT-AV.DIAG.FASE3,20/08/2026 à 20/08/2026,7/2024 à 6/2028,Vinicius Bizinela Meneghini,2149338,"70,80%",17,7,00:32:25,SAEP_67739,7,Integrar automação aos sistemas elétricos industriais,Considerando as soluções tecnológicas aplicáveis aos processos industriais,Controladores Lógicos Programáveis (CLP),Dificil,B,B
SC,SENAI/SC - Luzerna,Noite,105692-T TELT 2025/1 N1,Técnico em Eletrotécnica,2025.2-TTELT-AV.DIAG.FASE3,20/08/2026 à 20/08/2026,7/2024 à 6/2028,Vinicius Bizinela Meneghini,2149338,"70,80%",17,7,00:32:25,SAEP_67787,4,Manter sistemas elétricos prediais,,Manutenção Elétrica,Facil,C,C
SC,SENAI/SC - Luzerna,Noite,105692-T TELT 2025/1 N1,Técnico em Eletrotécnica,2025.2-TTELT-AV.DIAG.FASE3,20/08/2026 à 20/08/2026,7/2024 à 6/2028,Vinicius Bizinela Meneghini,2149338,"70,80%",17,7,00:32:25,SAEP_69253,2,Projetar sistemas elétricos prediais,Considerando os requisitos e necessidades do cliente e as características do local do serviço.,Software de Desenho Assistido por Computador (CAD),Medio,A,A
SC,SENAI/SC - Luzerna,Noite,105692-T TELT 2025/1 N1,Técnico em Eletrotécnica,2025.2-TTELT-AV.DIAG.FASE3,20/08/2026 à 20/08/2026,7/2024 à 6/2028,Vinicius Bizinela Meneghini,2149338,"70,80%",17,7,00:32:25,SAEP_76121,6,Integrar automação aos sistemas elétricos industriais,,Acionamentos Eletroeletrônicos,Dificil,B,D
SC,SENAI/SC - Luzerna,Noite,105692-T TELT 2025/1 N1,Técnico em Eletrotécnica,2025.2-TTELT-AV.DIAG.FASE3,20/08/2026 à 20/08/2026,7/2024 à 6/2028,Vinicius Bizinela Meneghini,2149338,"70,80%",17,7,00:32:25,SAEP_76593,6,Integrar automação aos sistemas elétricos industriais,"Considerando as especificações do projeto industrial, manuais dos equipamentos e catálogos dos fabricantes",Acionamentos Eletroeletrônicos,Facil,A,D
SC,SENAI/SC - Luzerna,Noite,105692-T TELT 2025/1 N1,Técnico em Eletrotécnica,2025.2-TTELT-AV.DIAG.FASE3,20/08/2026 à 20/08/2026,7/2024 à 6/2028,Vinicius Bizinela Meneghini,2149338,"70,80%",17,7,00:32:25,SAEP_76980,10,Projetar sistemas elétricos prediais,"Considerando Legislação, Normas Técnicas, de Qualidade, de Segurança, Saúde e Sustentabilidade",Sistema de Proteção contra Descargas Atmosféricas (SPDA),Facil,D,D
SC,SENAI/SC - Luzerna,Noite,105692-T TELT 2025/1 N1,Técnico em Eletrotécnica,2025.2-TTELT-AV.DIAG.FASE3,20/08/2026 à 20/08/2026,7/2024 à 6/2028,Vinicius Bizinela Meneghini,2149338,"70,80%",17,7,00:32:25,SAEP_76994,10,Manter sistemas elétricos de potência,"Considerando as especificações do projeto elétrico de potência, manuais dos equipamentos e catálogos dos fabricantes",Redes de Distribuição,Medio,B,B
SC,SENAI/SC - Luzerna,Noite,105692-T TELT 2025/1 N1,Técnico em Eletrotécnica,2025.2-TTELT-AV.DIAG.FASE3,20/08/2026 à 20/08/2026,7/2024 à 6/2028,Vinicius Bizinela Meneghini,2149338,"70,80%",17,7,00:32:25,SAEP_77014,2,Projetar sistemas elétricos de potência de acordo com os parâmetros da legislação vigente,Considerando os requisitos da concessionária e características do projeto do cliente/consumidor,Leitura e Interpretação de Desenhos Técnicos,Dificil,A,A
SC,SENAI/SC - Luzerna,Noite,105692-T TELT 2025/1 N1,Técnico em Eletrotécnica,2025.2-TTELT-AV.DIAG.FASE3,20/08/2026 à 20/08/2026,7/2024 à 6/2028,Vinicius Bizinela Meneghini,2149338,"70,80%",17,7,00:32:25,SAEP_77534,10,Manter sistemas elétricos de potência,,Redes de Distribuição,Dificil,A,B
SC,SENAI/SC - Luzerna,Noite,105692-T TELT 2025/1 N1,Técnico em Eletrotécnica,2025.2-TTELT-AV.DIAG.FASE3,20/08/2026 à 20/08/2026,7/2024 à 6/2028,Vinicius Bizinela Meneghini,2149338,"70,80%",17,7,00:32:25,SAEP_77686,5,Instalar sistemas elétricos prediais,"Considerando o Projeto Elétrico, Ordens de Serviço e Procedimentos Operacionais",Equipamentos de medição elétrica,Facil,B,B
SC,SENAI/SC - Luzerna,Noite,105692-T TELT 2025/1 N1,Técnico em Eletrotécnica,2025.2-TTELT-AV.DIAG.FASE3,20/08/2026 à 20/08/2026,7/2024 à 6/2028,Vinicius Bizinela Meneghini,2149338,"70,80%",17,7,00:32:25,SAEP_77777,5,Manter sistemas elétricos industriais,,Equipamentos de medição elétrica,Medio,C,A
SC,SENAI/SC - Luzerna,Noite,105692-T TELT 2025/1 N1,Técnico em Eletrotécnica,2025.2-TTELT-AV.DIAG.FASE3,20/08/2026 à 20/08/2026,7/2024 à 6/2028,Vinicius Bizinela Meneghini,2149338,"70,80%",17,7,00:32:25,SAEP_77862,9,Manter sistemas elétricos industriais,,Normas Técnicas e Regulamentações Aplicadas,Facil,A,A
SC,SENAI/SC - Luzerna,Noite,105692-T TELT 2025/1 N1,Técnico em Eletrotécnica,2025.2-TTELT-AV.DIAG.FASE3,20/08/2026 à 20/08/2026,7/2024 à 6/2028,Vinicius Bizinela Meneghini,2149338,"70,80%",17,7,00:32:25,SAEP_78480,3,Projetar sistemas elétricos industriais,,"Normas Técnicas e Regulamentações Aplicadas, Projeto Elétrico",Medio,B,B
SC,SENAI/SC - Luzerna,Noite,105692-T TELT 2025/1 N1,Técnico em Eletrotécnica,2025.2-TTELT-AV.DIAG.FASE3,20/08/2026 à 20/08/2026,7/2024 à 6/2028,Vinicius Bizinela Meneghini,2149338,"70,80%",17,7,00:32:25,SAEP_79948,8,Projetar sistemas elétricos prediais,"Considerando Legislação, Normas Técnicas, de Qualidade, de Segurança, Saúde e Sustentabilidade",Condutores Elétricos,Facil,B,B
SC,SENAI/SC - Luzerna,Noite,105692-T TELT 2025/1 N1,Técnico em Eletrotécnica,2025.2-TTELT-AV.DIAG.FASE3,20/08/2026 à 20/08/2026,7/2024 à 6/2028,Erick Sauer,2112339,"70,80%",17,7,00:35:21,SAEP_37667,6,Integrar automação aos sistemas elétricos industriais,Considerando as soluções tecnológicas aplicáveis aos processos industriais,Acionamentos Eletroeletrônicos,Medio,C,C
SC,SENAI/SC - Luzerna,Noite,105692-T TELT 2025/1 N1,Técnico em Eletrotécnica,2025.2-TTELT-AV.DIAG.FASE3,20/08/2026 à 20/08/2026,7/2024 à 6/2028,Erick Sauer,2112339,"70,80%",17,7,00:35:21,SAEP_50884,4,Manter sistemas elétricos prediais,"Considerando o Projeto Elétrico, Ordem de Serviço e o Plano de Controle da Manutenção - PCM",Manutenção Elétrica,Medio,B,B
SC,SENAI/SC - Luzerna,Noite,105692-T TELT 2025/1 N1,Técnico em Eletrotécnica,2025.2-TTELT-AV.DIAG.FASE3,20/08/2026 à 20/08/2026,7/2024 à 6/2028,Erick Sauer,2112339,"70,80%",17,7,00:35:21,SAEP_54064,1,Instalar sistemas elétricos prediais,,Circuitos Elétricos em Corrente Alternada,Medio,B,B
SC,SENAI/SC - Luzerna,Noite,105692-T TELT 2025/1 N1,Técnico em Eletrotécnica,2025.2-TTELT-AV.DIAG.FASE3,20/08/2026 à 20/08/2026,7/2024 à 6/2028,Erick Sauer,2112339,"70,80%",17,7,00:35:21,SAEP_54220,3,Projetar sistemas elétricos prediais,Considerando os requisitos e necessidades do cliente e as características do local do serviço.,Projeto Elétrico,Facil,C,C
SC,SENAI/SC - Luzerna,Noite,105692-T TELT 2025/1 N1,Técnico em Eletrotécnica,2025.2-TTELT-AV.DIAG.FASE3,20/08/2026 à 20/08/2026,7/2024 à 6/2028,Erick Sauer,2112339,"70,80%",17,7,00:35:21,SAEP_54323,5,Manter sistemas elétricos industriais,"Considerando Legislação, Normas Técnicas, de Qualidade, de Segurança, Saúde e Sustentabilidade",Equipamentos de medição elétrica,Medio,A,A
SC,SENAI/SC - Luzerna,Noite,105692-T TELT 2025/1 N1,Técnico em Eletrotécnica,2025.2-TTELT-AV.DIAG.FASE3,20/08/2026 à 20/08/2026,7/2024 à 6/2028,Erick Sauer,2112339,"70,80%",17,7,00:35:21,SAEP_54640,9,Instalar sistemas elétricos de potência,"Considerando as especificações do projeto elétrico de potência, manuais e catálogos dos equipamentos",Normas Técnicas e Regulamentações Aplicadas,Dificil,A,D
SC,SENAI/SC - Luzerna,Noite,105692-T TELT 2025/1 N1,Técnico em Eletrotécnica,2025.2-TTELT-AV.DIAG.FASE3,20/08/2026 à 20/08/2026,7/2024 à 6/2028,Erick Sauer,2112339,"70,80%",17,7,00:35:21,SAEP_54725,5,Manter sistemas elétricos de potência,"Considerando Legislação, Normas Técnicas, de Qualidade, de Segurança, Saúde e Sustentabilidade",Equipamentos de medição elétrica,Medio,B,C
SC,SENAI/SC - Luzerna,Noite,105692-T TELT 2025/1 N1,Técnico em Eletrotécnica,2025.2-TTELT-AV.DIAG.FASE3,20/08/2026 à 20/08/2026,7/2024 à 6/2028,Erick Sauer,2112339,"70,80%",17,7,00:35:21,SAEP_60004,1,Instalar sistemas elétricos prediais,"Considerando o Projeto Elétrico, Ordens de Serviço e Procedimentos Operacionais",Unidades de medidas,Dificil,D,B
SC,SENAI/SC - Luzerna,Noite,105692-T TELT 2025/1 N1,Técnico em Eletrotécnica,2025.2-TTELT-AV.DIAG.FASE3,20/08/2026 à 20/08/2026,7/2024 à 6/2028,Erick Sauer,2112339,"70,80%",17,7,00:35:21,SAEP_60269,8,Implementar sistemas de energias renováveis,Considerando os requisitos da concessionária e características do projeto do cliente/consumidor,Sistema Fotovoltaico,Medio,B,B
SC,SENAI/SC - Luzerna,Noite,105692-T TELT 2025/1 N1,Técnico em Eletrotécnica,2025.2-TTELT-AV.DIAG.FASE3,20/08/2026 à 20/08/2026,7/2024 à 6/2028,Erick Sauer,2112339,"70,80%",17,7,00:35:21,SAEP_60699,7,Integrar automação aos sistemas elétricos industriais,Considerando as soluções tecnológicas aplicáveis aos processos industriais,Acionamentos Eletroeletrônicos,Dificil,C,C
SC,SENAI/SC - Luzerna,Noite,105692-T TELT 2025/1 N1,Técnico em Eletrotécnica,2025.2-TTELT-AV.DIAG.FASE3,20/08/2026 à 20/08/2026,7/2024 à 6/2028,Erick Sauer,2112339,"70,80%",17,7,00:35:21,SAEP_67739,7,Integrar automação aos sistemas elétricos industriais,Considerando as soluções tecnológicas aplicáveis aos processos industriais,Controladores Lógicos Programáveis (CLP),Dificil,A,B
SC,SENAI/SC - Luzerna,Noite,105692-T TELT 2025/1 N1,Técnico em Eletrotécnica,2025.2-TTELT-AV.DIAG.FASE3,20/08/2026 à 20/08/2026,7/2024 à 6/2028,Erick Sauer,2112339,"70,80%",17,7,00:35:21,SAEP_67787,4,Manter sistemas elétricos prediais,,Manutenção Elétrica,Facil,C,C
SC,SENAI/SC - Luzerna,Noite,105692-T TELT 2025/1 N1,Técnico em Eletrotécnica,2025.2-TTELT-AV.DIAG.FASE3,20/08/2026 à 20/08/2026,7/2024 à 6/2028,Erick Sauer,2112339,"70,80%",17,7,00:35:21,SAEP_69253,2,Projetar sistemas elétricos prediais,Considerando os requisitos e necessidades do cliente e as características do local do serviço.,Software de Desenho Assistido por Computador (CAD),Medio,A,A
SC,SENAI/SC - Luzerna,Noite,105692-T TELT 2025/1 N1,Técnico em Eletrotécnica,2025.2-TTELT-AV.DIAG.FASE3,20/08/2026 à 20/08/2026,7/2024 à 6/2028,Erick Sauer,2112339,"70,80%",17,7,00:35:21,SAEP_76121,6,Integrar automação aos sistemas elétricos industriais,,Acionamentos Eletroeletrônicos,Dificil,B,D
SC,SENAI/SC - Luzerna,Noite,105692-T TELT 2025/1 N1,Técnico em Eletrotécnica,2025.2-TTELT-AV.DIAG.FASE3,20/08/2026 à 20/08/2026,7/2024 à 6/2028,Erick Sauer,2112339,"70,80%",17,7,00:35:21,SAEP_76593,6,Integrar automação aos sistemas elétricos industriais,"Considerando as especificações do projeto industrial, manuais dos equipamentos e catálogos dos fabricantes",Acionamentos Eletroeletrônicos,Facil,A,D
SC,SENAI/SC - Luzerna,Noite,105692-T TELT 2025/1 N1,Técnico em Eletrotécnica,2025.2-TTELT-AV.DIAG.FASE3,20/08/2026 à 20/08/2026,7/2024 à 6/2028,Erick Sauer,2112339,"70,80%",17,7,00:35:21,SAEP_76980,10,Projetar sistemas elétricos prediais,"Considerando Legislação, Normas Técnicas, de Qualidade, de Segurança, Saúde e Sustentabilidade",Sistema de Proteção contra Descargas Atmosféricas (SPDA),Facil,D,D
SC,SENAI/SC - Luzerna,Noite,105692-T TELT 2025/1 N1,Técnico em Eletrotécnica,2025.2-TTELT-AV.DIAG.FASE3,20/08/2026 à 20/08/2026,7/2024 à 6/2028,Erick Sauer,2112339,"70,80%",17,7,00:35:21,SAEP_76994,10,Manter sistemas elétricos de potência,"Considerando as especificações do projeto elétrico de potência, manuais dos equipamentos e catálogos dos fabricantes",Redes de Distribuição,Medio,B,B
SC,SENAI/SC - Luzerna,Noite,105692-T TELT 2025/1 N1,Técnico em Eletrotécnica,2025.2-TTELT-AV.DIAG.FASE3,20/08/2026 à 20/08/2026,7/2024 à 6/2028,Erick Sauer,2112339,"70,80%",17,7,00:35:21,SAEP_77014,2,Projetar sistemas elétricos de potência de acordo com os parâmetros da legislação vigente,Considerando os requisitos da concessionária e características do projeto do cliente/consumidor,Leitura e Interpretação de Desenhos Técnicos,Dificil,A,A
SC,SENAI/SC - Luzerna,Noite,105692-T TELT 2025/1 N1,Técnico em Eletrotécnica,2025.2-TTELT-AV.DIAG.FASE3,20/08/2026 à 20/08/2026,7/2024 à 6/2028,Erick Sauer,2112339,"70,80%",17,7,00:35:21,SAEP_77534,10,Manter sistemas elétricos de potência,,Redes de Distribuição,Dificil,A,B
SC,SENAI/SC - Luzerna,Noite,105692-T TELT 2025/1 N1,Técnico em Eletrotécnica,2025.2-TTELT-AV.DIAG.FASE3,20/08/2026 à 20/08/2026,7/2024 à 6/2028,Erick Sauer,2112339,"70,80%",17,7,00:35:21,SAEP_77686,5,Instalar sistemas elétricos prediais,"Considerando o Projeto Elétrico, Ordens de Serviço e Procedimentos Operacionais",Equipamentos de medição elétrica,Facil,B,B
SC,SENAI/SC - Luzerna,Noite,105692-T TELT 2025/1 N1,Técnico em Eletrotécnica,2025.2-TTELT-AV.DIAG.FASE3,20/08/2026 à 20/08/2026,7/2024 à 6/2028,Erick Sauer,2112339,"70,80%",17,7,00:35:21,SAEP_77777,5,Manter sistemas elétricos industriais,,Equipamentos de medição elétrica,Medio,A,A
SC,SENAI/SC - Luzerna,Noite,105692-T TELT 2025/1 N1,Técnico em Eletrotécnica,2025.2-TTELT-AV.DIAG.FASE3,20/08/2026 à 20/08/2026,7/2024 à 6/2028,Erick Sauer,2112339,"70,80%",17,7,00:35:21,SAEP_77862,9,Manter sistemas elétricos industriais,,Normas Técnicas e Regulamentações Aplicadas,Facil,A,A
SC,SENAI/SC - Luzerna,Noite,105692-T TELT 2025/1 N1,Técnico em Eletrotécnica,2025.2-TTELT-AV.DIAG.FASE3,20/08/2026 à 20/08/2026,7/2024 à 6/2028,Erick Sauer,2112339,"70,80%",17,7,00:35:21,SAEP_78480,3,Projetar sistemas elétricos industriais,,"Normas Técnicas e Regulamentações Aplicadas, Projeto Elétrico",Medio,B,B
SC,SENAI/SC - Luzerna,Noite,105692-T TELT 2025/1 N1,Técnico em Eletrotécnica,2025.2-TTELT-AV.DIAG.FASE3,20/08/2026 à 20/08/2026,7/2024 à 6/2028,Erick Sauer,2112339,"70,80%",17,7,00:35:21,SAEP_79948,8,Projetar sistemas elétricos prediais,"Considerando Legislação, Normas Técnicas, de Qualidade, de Segurança, Saúde e Sustentabilidade",Condutores Elétricos,Facil,B,B
SC,SENAI/SC - Luzerna,Noite,105692-T TELT 2025/1 N1,Técnico em Eletrotécnica,2025.2-TTELT-AV.DIAG.FASE3,20/08/2026 à 20/08/2026,7/2024 à 6/2028,Maria Eduarda Lokstein,2184967,"70,80%",17,7,00:17:25,SAEP_37667,6,Integrar automação aos sistemas elétricos industriais,Considerando as soluções tecnológicas aplicáveis aos processos industriais,Acionamentos Eletroeletrônicos,Medio,C,C
SC,SENAI/SC - Luzerna,Noite,105692-T TELT 2025/1 N1,Técnico em Eletrotécnica,2025.2-TTELT-AV.DIAG.FASE3,20/08/2026 à 20/08/2026,7/2024 à 6/2028,Maria Eduarda Lokstein,2184967,"70,80%",17,7,00:17:25,SAEP_50884,4,Manter sistemas elétricos prediais,"Considerando o Projeto Elétrico, Ordem de Serviço e o Plano de Controle da Manutenção - PCM",Manutenção Elétrica,Medio,B,B
SC,SENAI/SC - Luzerna,Noite,105692-T TELT 2025/1 N1,Técnico em Eletrotécnica,2025.2-TTELT-AV.DIAG.FASE3,20/08/2026 à 20/08/2026,7/2024 à 6/2028,Maria Eduarda Lokstein,2184967,"70,80%",17,7,00:17:25,SAEP_54064,1,Instalar sistemas elétricos prediais,,Circuitos Elétricos em Corrente Alternada,Medio,B,B
SC,SENAI/SC - Luzerna,Noite,105692-T TELT 2025/1 N1,Técnico em Eletrotécnica,2025.2-TTELT-AV.DIAG.FASE3,20/08/2026 à 20/08/2026,7/2024 à 6/2028,Maria Eduarda Lokstein,2184967,"70,80%",17,7,00:17:25,SAEP_54220,3,Projetar sistemas elétricos prediais,Considerando os requisitos e necessidades do cliente e as características do local do serviço.,Projeto Elétrico,Facil,C,C
SC,SENAI/SC - Luzerna,Noite,105692-T TELT 2025/1 N1,Técnico em Eletrotécnica,2025.2-TTELT-AV.DIAG.FASE3,20/08/2026 à 20/08/2026,7/2024 à 6/2028,Maria Eduarda Lokstein,2184967,"70,80%",17,7,00:17:25,SAEP_54323,5,Manter sistemas elétricos industriais,"Considerando Legislação, Normas Técnicas, de Qualidade, de Segurança, Saúde e Sustentabilidade",Equipamentos de medição elétrica,Medio,A,A
SC,SENAI/SC - Luzerna,Noite,105692-T TELT 2025/1 N1,Técnico em Eletrotécnica,2025.2-TTELT-AV.DIAG.FASE3,20/08/2026 à 20/08/2026,7/2024 à 6/2028,Maria Eduarda Lokstein,2184967,"70,80%",17,7,00:17:25,SAEP_54640,9,Instalar sistemas elétricos de potência,"Considerando as especificações do projeto elétrico de potência, manuais e catálogos dos equipamentos",Normas Técnicas e Regulamentações Aplicadas,Dificil,B,D
SC,SENAI/SC - Luzerna,Noite,105692-T TELT 2025/1 N1,Técnico em Eletrotécnica,2025.2-TTELT-AV.DIAG.FASE3,20/08/2026 à 20/08/2026,7/2024 à 6/2028,Maria Eduarda Lokstein,2184967,"70,80%",17,7,00:17:25,SAEP_54725,5,Manter sistemas elétricos de potência,"Considerando Legislação, Normas Técnicas, de Qualidade, de Segurança, Saúde e Sustentabilidade",Equipamentos de medição elétrica,Medio,C,C
SC,SENAI/SC - Luzerna,Noite,105692-T TELT 2025/1 N1,Técnico em Eletrotécnica,2025.2-TTELT-AV.DIAG.FASE3,20/08/2026 à 20/08/2026,7/2024 à 6/2028,Maria Eduarda Lokstein,2184967,"70,80%",17,7,00:17:25,SAEP_60004,1,Instalar sistemas elétricos prediais,"Considerando o Projeto Elétrico, Ordens de Serviço e Procedimentos Operacionais",Unidades de medidas,Dificil,B,B
SC,SENAI/SC - Luzerna,Noite,105692-T TELT 2025/1 N1,Técnico em Eletrotécnica,2025.2-TTELT-AV.DIAG.FASE3,20/08/2026 à 20/08/2026,7/2024 à 6/2028,Maria Eduarda Lokstein,2184967,"70,80%",17,7,00:17:25,SAEP_60269,8,Implementar sistemas de energias renováveis,Considerando os requisitos da concessionária e características do projeto do cliente/consumidor,Sistema Fotovoltaico,Medio,B,B
SC,SENAI/SC - Luzerna,Noite,105692-T TELT 2025/1 N1,Técnico em Eletrotécnica,2025.2-TTELT-AV.DIAG.FASE3,20/08/2026 à 20/08/2026,7/2024 à 6/2028,Maria Eduarda Lokstein,2184967,"70,80%",17,7,00:17:25,SAEP_60699,7,Integrar automação aos sistemas elétricos industriais,Considerando as soluções tecnológicas aplicáveis aos processos industriais,Acionamentos Eletroeletrônicos,Dificil,C,C
SC,SENAI/SC - Luzerna,Noite,105692-T TELT 2025/1 N1,Técnico em Eletrotécnica,2025.2-TTELT-AV.DIAG.FASE3,20/08/2026 à 20/08/2026,7/2024 à 6/2028,Maria Eduarda Lokstein,2184967,"70,80%",17,7,00:17:25,SAEP_67739,7,Integrar automação aos sistemas elétricos industriais,Considerando as soluções tecnológicas aplicáveis aos processos industriais,Controladores Lógicos Programáveis (CLP),Dificil,B,B
SC,SENAI/SC - Luzerna,Noite,105692-T TELT 2025/1 N1,Técnico em Eletrotécnica,2025.2-TTELT-AV.DIAG.FASE3,20/08/2026 à 20/08/2026,7/2024 à 6/2028,Maria Eduarda Lokstein,2184967,"70,80%",17,7,00:17:25,SAEP_67787,4,Manter sistemas elétricos prediais,,Manutenção Elétrica,Facil,C,C
SC,SENAI/SC - Luzerna,Noite,105692-T TELT 2025/1 N1,Técnico em Eletrotécnica,2025.2-TTELT-AV.DIAG.FASE3,20/08/2026 à 20/08/2026,7/2024 à 6/2028,Maria Eduarda Lokstein,2184967,"70,80%",17,7,00:17:25,SAEP_69253,2,Projetar sistemas elétricos prediais,Considerando os requisitos e necessidades do cliente e as características do local do serviço.,Software de Desenho Assistido por Computador (CAD),Medio,A,A
SC,SENAI/SC - Luzerna,Noite,105692-T TELT 2025/1 N1,Técnico em Eletrotécnica,2025.2-TTELT-AV.DIAG.FASE3,20/08/2026 à 20/08/2026,7/2024 à 6/2028,Maria Eduarda Lokstein,2184967,"70,80%",17,7,00:17:25,SAEP_76121,6,Integrar automação aos sistemas elétricos industriais,,Acionamentos Eletroeletrônicos,Dificil,B,D
SC,SENAI/SC - Luzerna,Noite,105692-T TELT 2025/1 N1,Técnico em Eletrotécnica,2025.2-TTELT-AV.DIAG.FASE3,20/08/2026 à 20/08/2026,7/2024 à 6/2028,Maria Eduarda Lokstein,2184967,"70,80%",17,7,00:17:25,SAEP_76593,6,Integrar automação aos sistemas elétricos industriais,"Considerando as especificações do projeto industrial, manuais dos equipamentos e catálogos dos fabricantes",Acionamentos Eletroeletrônicos,Facil,A,D
SC,SENAI/SC - Luzerna,Noite,105692-T TELT 2025/1 N1,Técnico em Eletrotécnica,2025.2-TTELT-AV.DIAG.FASE3,20/08/2026 à 20/08/2026,7/2024 à 6/2028,Maria Eduarda Lokstein,2184967,"70,80%",17,7,00:17:25,SAEP_76980,10,Projetar sistemas elétricos prediais,"Considerando Legislação, Normas Técnicas, de Qualidade, de Segurança, Saúde e Sustentabilidade",Sistema de Proteção contra Descargas Atmosféricas (SPDA),Facil,D,D
SC,SENAI/SC - Luzerna,Noite,105692-T TELT 2025/1 N1,Técnico em Eletrotécnica,2025.2-TTELT-AV.DIAG.FASE3,20/08/2026 à 20/08/2026,7/2024 à 6/2028,Maria Eduarda Lokstein,2184967,"70,80%",17,7,00:17:25,SAEP_76994,10,Manter sistemas elétricos de potência,"Considerando as especificações do projeto elétrico de potência, manuais dos equipamentos e catálogos dos fabricantes",Redes de Distribuição,Medio,B,B
SC,SENAI/SC - Luzerna,Noite,105692-T TELT 2025/1 N1,Técnico em Eletrotécnica,2025.2-TTELT-AV.DIAG.FASE3,20/08/2026 à 20/08/2026,7/2024 à 6/2028,Maria Eduarda Lokstein,2184967,"70,80%",17,7,00:17:25,SAEP_77014,2,Projetar sistemas elétricos de potência de acordo com os parâmetros da legislação vigente,Considerando os requisitos da concessionária e características do projeto do cliente/consumidor,Leitura e Interpretação de Desenhos Técnicos,Dificil,C,A
SC,SENAI/SC - Luzerna,Noite,105692-T TELT 2025/1 N1,Técnico em Eletrotécnica,2025.2-TTELT-AV.DIAG.FASE3,20/08/2026 à 20/08/2026,7/2024 à 6/2028,Maria Eduarda Lokstein,2184967,"70,80%",17,7,00:17:25,SAEP_77534,10,Manter sistemas elétricos de potência,,Redes de Distribuição,Dificil,B,B
SC,SENAI/SC - Luzerna,Noite,105692-T TELT 2025/1 N1,Técnico em Eletrotécnica,2025.2-TTELT-AV.DIAG.FASE3,20/08/2026 à 20/08/2026,7/2024 à 6/2028,Maria Eduarda Lokstein,2184967,"70,80%",17,7,00:17:25,SAEP_77686,5,Instalar sistemas elétricos prediais,"Considerando o Projeto Elétrico, Ordens de Serviço e Procedimentos Operacionais",Equipamentos de medição elétrica,Facil,A,B
SC,SENAI/SC - Luzerna,Noite,105692-T TELT 2025/1 N1,Técnico em Eletrotécnica,2025.2-TTELT-AV.DIAG.FASE3,20/08/2026 à 20/08/2026,7/2024 à 6/2028,Maria Eduarda Lokstein,2184967,"70,80%",17,7,00:17:25,SAEP_77777,5,Manter sistemas elétricos industriais,,Equipamentos de medição elétrica,Medio,D,A
SC,SENAI/SC - Luzerna,Noite,105692-T TELT 2025/1 N1,Técnico em Eletrotécnica,2025.2-TTELT-AV.DIAG.FASE3,20/08/2026 à 20/08/2026,7/2024 à 6/2028,Maria Eduarda Lokstein,2184967,"70,80%",17,7,00:17:25,SAEP_77862,9,Manter sistemas elétricos industriais,,Normas Técnicas e Regulamentações Aplicadas,Facil,A,A
SC,SENAI/SC - Luzerna,Noite,105692-T TELT 2025/1 N1,Técnico em Eletrotécnica,2025.2-TTELT-AV.DIAG.FASE3,20/08/2026 à 20/08/2026,7/2024 à 6/2028,Maria Eduarda Lokstein,2184967,"70,80%",17,7,00:17:25,SAEP_78480,3,Projetar sistemas elétricos industriais,,"Normas Técnicas e Regulamentações Aplicadas, Projeto Elétrico",Medio,A,B
SC,SENAI/SC - Luzerna,Noite,105692-T TELT 2025/1 N1,Técnico em Eletrotécnica,2025.2-TTELT-AV.DIAG.FASE3,20/08/2026 à 20/08/2026,7/2024 à 6/2028,Maria Eduarda Lokstein,2184967,"70,80%",17,7,00:17:25,SAEP_79948,8,Projetar sistemas elétricos prediais,"Considerando Legislação, Normas Técnicas, de Qualidade, de Segurança, Saúde e Sustentabilidade",Condutores Elétricos,Facil,B,B
SC,SENAI/SC - Luzerna,Noite,105692-T TELT 2025/1 N1,Técnico em Eletrotécnica,2025.2-TTELT-AV.DIAG.FASE3,20/08/2026 à 20/08/2026,7/2024 à 6/2028,Eduardo Bresciani Burghardt,2144581,"70,80%",17,7,00:21:32,SAEP_37667,6,Integrar automação aos sistemas elétricos industriais,Considerando as soluções tecnológicas aplicáveis aos processos industriais,Acionamentos Eletroeletrônicos,Medio,C,C
SC,SENAI/SC - Luzerna,Noite,105692-T TELT 2025/1 N1,Técnico em Eletrotécnica,2025.2-TTELT-AV.DIAG.FASE3,20/08/2026 à 20/08/2026,7/2024 à 6/2028,Eduardo Bresciani Burghardt,2144581,"70,80%",17,7,00:21:32,SAEP_50884,4,Manter sistemas elétricos prediais,"Considerando o Projeto Elétrico, Ordem de Serviço e o Plano de Controle da Manutenção - PCM",Manutenção Elétrica,Medio,B,B
SC,SENAI/SC - Luzerna,Noite,105692-T TELT 2025/1 N1,Técnico em Eletrotécnica,2025.2-TTELT-AV.DIAG.FASE3,20/08/2026 à 20/08/2026,7/2024 à 6/2028,Eduardo Bresciani Burghardt,2144581,"70,80%",17,7,00:21:32,SAEP_54064,1,Instalar sistemas elétricos prediais,,Circuitos Elétricos em Corrente Alternada,Medio,B,B
SC,SENAI/SC - Luzerna,Noite,105692-T TELT 2025/1 N1,Técnico em Eletrotécnica,2025.2-TTELT-AV.DIAG.FASE3,20/08/2026 à 20/08/2026,7/2024 à 6/2028,Eduardo Bresciani Burghardt,2144581,"70,80%",17,7,00:21:32,SAEP_54220,3,Projetar sistemas elétricos prediais,Considerando os requisitos e necessidades do cliente e as características do local do serviço.,Projeto Elétrico,Facil,C,C
SC,SENAI/SC - Luzerna,Noite,105692-T TELT 2025/1 N1,Técnico em Eletrotécnica,2025.2-TTELT-AV.DIAG.FASE3,20/08/2026 à 20/08/2026,7/2024 à 6/2028,Eduardo Bresciani Burghardt,2144581,"70,80%",17,7,00:21:32,SAEP_54323,5,Manter sistemas elétricos industriais,"Considerando Legislação, Normas Técnicas, de Qualidade, de Segurança, Saúde e Sustentabilidade",Equipamentos de medição elétrica,Medio,A,A
SC,SENAI/SC - Luzerna,Noite,105692-T TELT 2025/1 N1,Técnico em Eletrotécnica,2025.2-TTELT-AV.DIAG.FASE3,20/08/2026 à 20/08/2026,7/2024 à 6/2028,Eduardo Bresciani Burghardt,2144581,"70,80%",17,7,00:21:32,SAEP_54640,9,Instalar sistemas elétricos de potência,"Considerando as especificações do projeto elétrico de potência, manuais e catálogos dos equipamentos",Normas Técnicas e Regulamentações Aplicadas,Dificil,B,D
SC,SENAI/SC - Luzerna,Noite,105692-T TELT 2025/1 N1,Técnico em Eletrotécnica,2025.2-TTELT-AV.DIAG.FASE3,20/08/2026 à 20/08/2026,7/2024 à 6/2028,Eduardo Bresciani Burghardt,2144581,"70,80%",17,7,00:21:32,SAEP_54725,5,Manter sistemas elétricos de potência,"Considerando Legislação, Normas Técnicas, de Qualidade, de Segurança, Saúde e Sustentabilidade",Equipamentos de medição elétrica,Medio,C,C
SC,SENAI/SC - Luzerna,Noite,105692-T TELT 2025/1 N1,Técnico em Eletrotécnica,2025.2-TTELT-AV.DIAG.FASE3,20/08/2026 à 20/08/2026,7/2024 à 6/2028,Eduardo Bresciani Burghardt,2144581,"70,80%",17,7,00:21:32,SAEP_60004,1,Instalar sistemas elétricos prediais,"Considerando o Projeto Elétrico, Ordens de Serviço e Procedimentos Operacionais",Unidades de medidas,Dificil,B,B
SC,SENAI/SC - Luzerna,Noite,105692-T TELT 2025/1 N1,Técnico em Eletrotécnica,2025.2-TTELT-AV.DIAG.FASE3,20/08/2026 à 20/08/2026,7/2024 à 6/2028,Eduardo Bresciani Burghardt,2144581,"70,80%",17,7,00:21:32,SAEP_60269,8,Implementar sistemas de energias renováveis,Considerando os requisitos da concessionária e características do projeto do cliente/consumidor,Sistema Fotovoltaico,Medio,B,B
SC,SENAI/SC - Luzerna,Noite,105692-T TELT 2025/1 N1,Técnico em Eletrotécnica,2025.2-TTELT-AV.DIAG.FASE3,20/08/2026 à 20/08/2026,7/2024 à 6/2028,Eduardo Bresciani Burghardt,2144581,"70,80%",17,7,00:21:32,SAEP_60699,7,Integrar automação aos sistemas elétricos industriais,Considerando as soluções tecnológicas aplicáveis aos processos industriais,Acionamentos Eletroeletrônicos,Dificil,C,C
SC,SENAI/SC - Luzerna,Noite,105692-T TELT 2025/1 N1,Técnico em Eletrotécnica,2025.2-TTELT-AV.DIAG.FASE3,20/08/2026 à 20/08/2026,7/2024 à 6/2028,Eduardo Bresciani Burghardt,2144581,"70,80%",17,7,00:21:32,SAEP_67739,7,Integrar automação aos sistemas elétricos industriais,Considerando as soluções tecnológicas aplicáveis aos processos industriais,Controladores Lógicos Programáveis (CLP),Dificil,A,B
SC,SENAI/SC - Luzerna,Noite,105692-T TELT 2025/1 N1,Técnico em Eletrotécnica,2025.2-TTELT-AV.DIAG.FASE3,20/08/2026 à 20/08/2026,7/2024 à 6/2028,Eduardo Bresciani Burghardt,2144581,"70,80%",17,7,00:21:32,SAEP_67787,4,Manter sistemas elétricos prediais,,Manutenção Elétrica,Facil,C,C
SC,SENAI/SC - Luzerna,Noite,105692-T TELT 2025/1 N1,Técnico em Eletrotécnica,2025.2-TTELT-AV.DIAG.FASE3,20/08/2026 à 20/08/2026,7/2024 à 6/2028,Eduardo Bresciani Burghardt,2144581,"70,80%",17,7,00:21:32,SAEP_69253,2,Projetar sistemas elétricos prediais,Considerando os requisitos e necessidades do cliente e as características do local do serviço.,Software de Desenho Assistido por Computador (CAD),Medio,A,A
SC,SENAI/SC - Luzerna,Noite,105692-T TELT 2025/1 N1,Técnico em Eletrotécnica,2025.2-TTELT-AV.DIAG.FASE3,20/08/2026 à 20/08/2026,7/2024 à 6/2028,Eduardo Bresciani Burghardt,2144581,"70,80%",17,7,00:21:32,SAEP_76121,6,Integrar automação aos sistemas elétricos industriais,,Acionamentos Eletroeletrônicos,Dificil,B,D
SC,SENAI/SC - Luzerna,Noite,105692-T TELT 2025/1 N1,Técnico em Eletrotécnica,2025.2-TTELT-AV.DIAG.FASE3,20/08/2026 à 20/08/2026,7/2024 à 6/2028,Eduardo Bresciani Burghardt,2144581,"70,80%",17,7,00:21:32,SAEP_76593,6,Integrar automação aos sistemas elétricos industriais,"Considerando as especificações do projeto industrial, manuais dos equipamentos e catálogos dos fabricantes",Acionamentos Eletroeletrônicos,Facil,D,D
SC,SENAI/SC - Luzerna,Noite,105692-T TELT 2025/1 N1,Técnico em Eletrotécnica,2025.2-TTELT-AV.DIAG.FASE3,20/08/2026 à 20/08/2026,7/2024 à 6/2028,Eduardo Bresciani Burghardt,2144581,"70,80%",17,7,00:21:32,SAEP_76980,10,Projetar sistemas elétricos prediais,"Considerando Legislação, Normas Técnicas, de Qualidade, de Segurança, Saúde e Sustentabilidade",Sistema de Proteção contra Descargas Atmosféricas (SPDA),Facil,D,D
SC,SENAI/SC - Luzerna,Noite,105692-T TELT 2025/1 N1,Técnico em Eletrotécnica,2025.2-TTELT-AV.DIAG.FASE3,20/08/2026 à 20/08/2026,7/2024 à 6/2028,Eduardo Bresciani Burghardt,2144581,"70,80%",17,7,00:21:32,SAEP_76994,10,Manter sistemas elétricos de potência,"Considerando as especificações do projeto elétrico de potência, manuais dos equipamentos e catálogos dos fabricantes",Redes de Distribuição,Medio,B,B
SC,SENAI/SC - Luzerna,Noite,105692-T TELT 2025/1 N1,Técnico em Eletrotécnica,2025.2-TTELT-AV.DIAG.FASE3,20/08/2026 à 20/08/2026,7/2024 à 6/2028,Eduardo Bresciani Burghardt,2144581,"70,80%",17,7,00:21:32,SAEP_77014,2,Projetar sistemas elétricos de potência de acordo com os parâmetros da legislação vigente,Considerando os requisitos da concessionária e características do projeto do cliente/consumidor,Leitura e Interpretação de Desenhos Técnicos,Dificil,D,A
SC,SENAI/SC - Luzerna,Noite,105692-T TELT 2025/1 N1,Técnico em Eletrotécnica,2025.2-TTELT-AV.DIAG.FASE3,20/08/2026 à 20/08/2026,7/2024 à 6/2028,Eduardo Bresciani Burghardt,2144581,"70,80%",17,7,00:21:32,SAEP_77534,10,Manter sistemas elétricos de potência,,Redes de Distribuição,Dificil,A,B
SC,SENAI/SC - Luzerna,Noite,105692-T TELT 2025/1 N1,Técnico em Eletrotécnica,2025.2-TTELT-AV.DIAG.FASE3,20/08/2026 à 20/08/2026,7/2024 à 6/2028,Eduardo Bresciani Burghardt,2144581,"70,80%",17,7,00:21:32,SAEP_77686,5,Instalar sistemas elétricos prediais,"Considerando o Projeto Elétrico, Ordens de Serviço e Procedimentos Operacionais",Equipamentos de medição elétrica,Facil,B,B
SC,SENAI/SC - Luzerna,Noite,105692-T TELT 2025/1 N1,Técnico em Eletrotécnica,2025.2-TTELT-AV.DIAG.FASE3,20/08/2026 à 20/08/2026,7/2024 à 6/2028,Eduardo Bresciani Burghardt,2144581,"70,80%",17,7,00:21:32,SAEP_77777,5,Manter sistemas elétricos industriais,,Equipamentos de medição elétrica,Medio,B,A
SC,SENAI/SC - Luzerna,Noite,105692-T TELT 2025/1 N1,Técnico em Eletrotécnica,2025.2-TTELT-AV.DIAG.FASE3,20/08/2026 à 20/08/2026,7/2024 à 6/2028,Eduardo Bresciani Burghardt,2144581,"70,80%",17,7,00:21:32,SAEP_77862,9,Manter sistemas elétricos industriais,,Normas Técnicas e Regulamentações Aplicadas,Facil,A,A
SC,SENAI/SC - Luzerna,Noite,105692-T TELT 2025/1 N1,Técnico em Eletrotécnica,2025.2-TTELT-AV.DIAG.FASE3,20/08/2026 à 20/08/2026,7/2024 à 6/2028,Eduardo Bresciani Burghardt,2144581,"70,80%",17,7,00:21:32,SAEP_78480,3,Projetar sistemas elétricos industriais,,"Normas Técnicas e Regulamentações Aplicadas, Projeto Elétrico",Medio,A,B
SC,SENAI/SC - Luzerna,Noite,105692-T TELT 2025/1 N1,Técnico em Eletrotécnica,2025.2-TTELT-AV.DIAG.FASE3,20/08/2026 à 20/08/2026,7/2024 à 6/2028,Eduardo Bresciani Burghardt,2144581,"70,80%",17,7,00:21:32,SAEP_79948,8,Projetar sistemas elétricos prediais,"Considerando Legislação, Normas Técnicas, de Qualidade, de Segurança, Saúde e Sustentabilidade",Condutores Elétricos,Facil,B,B
SC,SENAI/SC - Luzerna,Noite,105692-T TELT 2025/1 N1,Técnico em Eletrotécnica,2025.2-TTELT-AV.DIAG.FASE3,20/08/2026 à 20/08/2026,7/2024 à 6/2028,Ysmael Henrique dos Santos,2200786,"66,70%",16,8,00:15:17,SAEP_37667,6,Integrar automação aos sistemas elétricos industriais,Considerando as soluções tecnológicas aplicáveis aos processos industriais,Acionamentos Eletroeletrônicos,Medio,C,C
SC,SENAI/SC - Luzerna,Noite,105692-T TELT 2025/1 N1,Técnico em Eletrotécnica,2025.2-TTELT-AV.DIAG.FASE3,20/08/2026 à 20/08/2026,7/2024 à 6/2028,Ysmael Henrique dos Santos,2200786,"66,70%",16,8,00:15:17,SAEP_50884,4,Manter sistemas elétricos prediais,"Considerando o Projeto Elétrico, Ordem de Serviço e o Plano de Controle da Manutenção - PCM",Manutenção Elétrica,Medio,B,B
SC,SENAI/SC - Luzerna,Noite,105692-T TELT 2025/1 N1,Técnico em Eletrotécnica,2025.2-TTELT-AV.DIAG.FASE3,20/08/2026 à 20/08/2026,7/2024 à 6/2028,Ysmael Henrique dos Santos,2200786,"66,70%",16,8,00:15:17,SAEP_54064,1,Instalar sistemas elétricos prediais,,Circuitos Elétricos em Corrente Alternada,Medio,B,B
SC,SENAI/SC - Luzerna,Noite,105692-T TELT 2025/1 N1,Técnico em Eletrotécnica,2025.2-TTELT-AV.DIAG.FASE3,20/08/2026 à 20/08/2026,7/2024 à 6/2028,Ysmael Henrique dos Santos,2200786,"66,70%",16,8,00:15:17,SAEP_54220,3,Projetar sistemas elétricos prediais,Considerando os requisitos e necessidades do cliente e as características do local do serviço.,Projeto Elétrico,Facil,C,C
SC,SENAI/SC - Luzerna,Noite,105692-T TELT 2025/1 N1,Técnico em Eletrotécnica,2025.2-TTELT-AV.DIAG.FASE3,20/08/2026 à 20/08/2026,7/2024 à 6/2028,Ysmael Henrique dos Santos,2200786,"66,70%",16,8,00:15:17,SAEP_54323,5,Manter sistemas elétricos industriais,"Considerando Legislação, Normas Técnicas, de Qualidade, de Segurança, Saúde e Sustentabilidade",Equipamentos de medição elétrica,Medio,A,A
SC,SENAI/SC - Luzerna,Noite,105692-T TELT 2025/1 N1,Técnico em Eletrotécnica,2025.2-TTELT-AV.DIAG.FASE3,20/08/2026 à 20/08/2026,7/2024 à 6/2028,Ysmael Henrique dos Santos,2200786,"66,70%",16,8,00:15:17,SAEP_54640,9,Instalar sistemas elétricos de potência,"Considerando as especificações do projeto elétrico de potência, manuais e catálogos dos equipamentos",Normas Técnicas e Regulamentações Aplicadas,Dificil,C,D
SC,SENAI/SC - Luzerna,Noite,105692-T TELT 2025/1 N1,Técnico em Eletrotécnica,2025.2-TTELT-AV.DIAG.FASE3,20/08/2026 à 20/08/2026,7/2024 à 6/2028,Ysmael Henrique dos Santos,2200786,"66,70%",16,8,00:15:17,SAEP_54725,5,Manter sistemas elétricos de potência,"Considerando Legislação, Normas Técnicas, de Qualidade, de Segurança, Saúde e Sustentabilidade",Equipamentos de medição elétrica,Medio,B,C
SC,SENAI/SC - Luzerna,Noite,105692-T TELT 2025/1 N1,Técnico em Eletrotécnica,2025.2-TTELT-AV.DIAG.FASE3,20/08/2026 à 20/08/2026,7/2024 à 6/2028,Ysmael Henrique dos Santos,2200786,"66,70%",16,8,00:15:17,SAEP_60004,1,Instalar sistemas elétricos prediais,"Considerando o Projeto Elétrico, Ordens de Serviço e Procedimentos Operacionais",Unidades de medidas,Dificil,B,B
SC,SENAI/SC - Luzerna,Noite,105692-T TELT 2025/1 N1,Técnico em Eletrotécnica,2025.2-TTELT-AV.DIAG.FASE3,20/08/2026 à 20/08/2026,7/2024 à 6/2028,Ysmael Henrique dos Santos,2200786,"66,70%",16,8,00:15:17,SAEP_60269,8,Implementar sistemas de energias renováveis,Considerando os requisitos da concessionária e características do projeto do cliente/consumidor,Sistema Fotovoltaico,Medio,B,B
SC,SENAI/SC - Luzerna,Noite,105692-T TELT 2025/1 N1,Técnico em Eletrotécnica,2025.2-TTELT-AV.DIAG.FASE3,20/08/2026 à 20/08/2026,7/2024 à 6/2028,Ysmael Henrique dos Santos,2200786,"66,70%",16,8,00:15:17,SAEP_60699,7,Integrar automação aos sistemas elétricos industriais,Considerando as soluções tecnológicas aplicáveis aos processos industriais,Acionamentos Eletroeletrônicos,Dificil,D,C
SC,SENAI/SC - Luzerna,Noite,105692-T TELT 2025/1 N1,Técnico em Eletrotécnica,2025.2-TTELT-AV.DIAG.FASE3,20/08/2026 à 20/08/2026,7/2024 à 6/2028,Ysmael Henrique dos Santos,2200786,"66,70%",16,8,00:15:17,SAEP_67739,7,Integrar automação aos sistemas elétricos industriais,Considerando as soluções tecnológicas aplicáveis aos processos industriais,Controladores Lógicos Programáveis (CLP),Dificil,B,B
SC,SENAI/SC - Luzerna,Noite,105692-T TELT 2025/1 N1,Técnico em Eletrotécnica,2025.2-TTELT-AV.DIAG.FASE3,20/08/2026 à 20/08/2026,7/2024 à 6/2028,Ysmael Henrique dos Santos,2200786,"66,70%",16,8,00:15:17,SAEP_67787,4,Manter sistemas elétricos prediais,,Manutenção Elétrica,Facil,C,C
SC,SENAI/SC - Luzerna,Noite,105692-T TELT 2025/1 N1,Técnico em Eletrotécnica,2025.2-TTELT-AV.DIAG.FASE3,20/08/2026 à 20/08/2026,7/2024 à 6/2028,Ysmael Henrique dos Santos,2200786,"66,70%",16,8,00:15:17,SAEP_69253,2,Projetar sistemas elétricos prediais,Considerando os requisitos e necessidades do cliente e as características do local do serviço.,Software de Desenho Assistido por Computador (CAD),Medio,A,A
SC,SENAI/SC - Luzerna,Noite,105692-T TELT 2025/1 N1,Técnico em Eletrotécnica,2025.2-TTELT-AV.DIAG.FASE3,20/08/2026 à 20/08/2026,7/2024 à 6/2028,Ysmael Henrique dos Santos,2200786,"66,70%",16,8,00:15:17,SAEP_76121,6,Integrar automação aos sistemas elétricos industriais,,Acionamentos Eletroeletrônicos,Dificil,A,D
SC,SENAI/SC - Luzerna,Noite,105692-T TELT 2025/1 N1,Técnico em Eletrotécnica,2025.2-TTELT-AV.DIAG.FASE3,20/08/2026 à 20/08/2026,7/2024 à 6/2028,Ysmael Henrique dos Santos,2200786,"66,70%",16,8,00:15:17,SAEP_76593,6,Integrar automação aos sistemas elétricos industriais,"Considerando as especificações do projeto industrial, manuais dos equipamentos e catálogos dos fabricantes",Acionamentos Eletroeletrônicos,Facil,A,D
SC,SENAI/SC - Luzerna,Noite,105692-T TELT 2025/1 N1,Técnico em Eletrotécnica,2025.2-TTELT-AV.DIAG.FASE3,20/08/2026 à 20/08/2026,7/2024 à 6/2028,Ysmael Henrique dos Santos,2200786,"66,70%",16,8,00:15:17,SAEP_76980,10,Projetar sistemas elétricos prediais,"Considerando Legislação, Normas Técnicas, de Qualidade, de Segurança, Saúde e Sustentabilidade",Sistema de Proteção contra Descargas Atmosféricas (SPDA),Facil,A,D
SC,SENAI/SC - Luzerna,Noite,105692-T TELT 2025/1 N1,Técnico em Eletrotécnica,2025.2-TTELT-AV.DIAG.FASE3,20/08/2026 à 20/08/2026,7/2024 à 6/2028,Ysmael Henrique dos Santos,2200786,"66,70%",16,8,00:15:17,SAEP_76994,10,Manter sistemas elétricos de potência,"Considerando as especificações do projeto elétrico de potência, manuais dos equipamentos e catálogos dos fabricantes",Redes de Distribuição,Medio,B,B
SC,SENAI/SC - Luzerna,Noite,105692-T TELT 2025/1 N1,Técnico em Eletrotécnica,2025.2-TTELT-AV.DIAG.FASE3,20/08/2026 à 20/08/2026,7/2024 à 6/2028,Ysmael Henrique dos Santos,2200786,"66,70%",16,8,00:15:17,SAEP_77014,2,Projetar sistemas elétricos de potência de acordo com os parâmetros da legislação vigente,Considerando os requisitos da concessionária e características do projeto do cliente/consumidor,Leitura e Interpretação de Desenhos Técnicos,Dificil,B,A
SC,SENAI/SC - Luzerna,Noite,105692-T TELT 2025/1 N1,Técnico em Eletrotécnica,2025.2-TTELT-AV.DIAG.FASE3,20/08/2026 à 20/08/2026,7/2024 à 6/2028,Ysmael Henrique dos Santos,2200786,"66,70%",16,8,00:15:17,SAEP_77534,10,Manter sistemas elétricos de potência,,Redes de Distribuição,Dificil,B,B
SC,SENAI/SC - Luzerna,Noite,105692-T TELT 2025/1 N1,Técnico em Eletrotécnica,2025.2-TTELT-AV.DIAG.FASE3,20/08/2026 à 20/08/2026,7/2024 à 6/2028,Ysmael Henrique dos Santos,2200786,"66,70%",16,8,00:15:17,SAEP_77686,5,Instalar sistemas elétricos prediais,"Considerando o Projeto Elétrico, Ordens de Serviço e Procedimentos Operacionais",Equipamentos de medição elétrica,Facil,B,B
SC,SENAI/SC - Luzerna,Noite,105692-T TELT 2025/1 N1,Técnico em Eletrotécnica,2025.2-TTELT-AV.DIAG.FASE3,20/08/2026 à 20/08/2026,7/2024 à 6/2028,Ysmael Henrique dos Santos,2200786,"66,70%",16,8,00:15:17,SAEP_77777,5,Manter sistemas elétricos industriais,,Equipamentos de medição elétrica,Medio,C,A
SC,SENAI/SC - Luzerna,Noite,105692-T TELT 2025/1 N1,Técnico em Eletrotécnica,2025.2-TTELT-AV.DIAG.FASE3,20/08/2026 à 20/08/2026,7/2024 à 6/2028,Ysmael Henrique dos Santos,2200786,"66,70%",16,8,00:15:17,SAEP_77862,9,Manter sistemas elétricos industriais,,Normas Técnicas e Regulamentações Aplicadas,Facil,A,A
SC,SENAI/SC - Luzerna,Noite,105692-T TELT 2025/1 N1,Técnico em Eletrotécnica,2025.2-TTELT-AV.DIAG.FASE3,20/08/2026 à 20/08/2026,7/2024 à 6/2028,Ysmael Henrique dos Santos,2200786,"66,70%",16,8,00:15:17,SAEP_78480,3,Projetar sistemas elétricos industriais,,"Normas Técnicas e Regulamentações Aplicadas, Projeto Elétrico",Medio,B,B
SC,SENAI/SC - Luzerna,Noite,105692-T TELT 2025/1 N1,Técnico em Eletrotécnica,2025.2-TTELT-AV.DIAG.FASE3,20/08/2026 à 20/08/2026,7/2024 à 6/2028,Ysmael Henrique dos Santos,2200786,"66,70%",16,8,00:15:17,SAEP_79948,8,Projetar sistemas elétricos prediais,"Considerando Legislação, Normas Técnicas, de Qualidade, de Segurança, Saúde e Sustentabilidade",Condutores Elétricos,Facil,B,B
SC,SENAI/SC - Luzerna,Noite,105692-T TELT 2025/1 N1,Técnico em Eletrotécnica,2025.2-TTELT-AV.DIAG.FASE3,20/08/2026 à 20/08/2026,7/2024 à 6/2028,Felipe Nesi Ansiliero,2195165,"66,70%",16,8,00:25:17,SAEP_37667,6,Integrar automação aos sistemas elétricos industriais,Considerando as soluções tecnológicas aplicáveis aos processos industriais,Acionamentos Eletroeletrônicos,Medio,C,C
SC,SENAI/SC - Luzerna,Noite,105692-T TELT 2025/1 N1,Técnico em Eletrotécnica,2025.2-TTELT-AV.DIAG.FASE3,20/08/2026 à 20/08/2026,7/2024 à 6/2028,Felipe Nesi Ansiliero,2195165,"66,70%",16,8,00:25:17,SAEP_50884,4,Manter sistemas elétricos prediais,"Considerando o Projeto Elétrico, Ordem de Serviço e o Plano de Controle da Manutenção - PCM",Manutenção Elétrica,Medio,B,B
SC,SENAI/SC - Luzerna,Noite,105692-T TELT 2025/1 N1,Técnico em Eletrotécnica,2025.2-TTELT-AV.DIAG.FASE3,20/08/2026 à 20/08/2026,7/2024 à 6/2028,Felipe Nesi Ansiliero,2195165,"66,70%",16,8,00:25:17,SAEP_54064,1,Instalar sistemas elétricos prediais,,Circuitos Elétricos em Corrente Alternada,Medio,C,B
SC,SENAI/SC - Luzerna,Noite,105692-T TELT 2025/1 N1,Técnico em Eletrotécnica,2025.2-TTELT-AV.DIAG.FASE3,20/08/2026 à 20/08/2026,7/2024 à 6/2028,Felipe Nesi Ansiliero,2195165,"66,70%",16,8,00:25:17,SAEP_54220,3,Projetar sistemas elétricos prediais,Considerando os requisitos e necessidades do cliente e as características do local do serviço.,Projeto Elétrico,Facil,C,C
SC,SENAI/SC - Luzerna,Noite,105692-T TELT 2025/1 N1,Técnico em Eletrotécnica,2025.2-TTELT-AV.DIAG.FASE3,20/08/2026 à 20/08/2026,7/2024 à 6/2028,Felipe Nesi Ansiliero,2195165,"66,70%",16,8,00:25:17,SAEP_54323,5,Manter sistemas elétricos industriais,"Considerando Legislação, Normas Técnicas, de Qualidade, de Segurança, Saúde e Sustentabilidade",Equipamentos de medição elétrica,Medio,C,A
SC,SENAI/SC - Luzerna,Noite,105692-T TELT 2025/1 N1,Técnico em Eletrotécnica,2025.2-TTELT-AV.DIAG.FASE3,20/08/2026 à 20/08/2026,7/2024 à 6/2028,Felipe Nesi Ansiliero,2195165,"66,70%",16,8,00:25:17,SAEP_54640,9,Instalar sistemas elétricos de potência,"Considerando as especificações do projeto elétrico de potência, manuais e catálogos dos equipamentos",Normas Técnicas e Regulamentações Aplicadas,Dificil,B,D
SC,SENAI/SC - Luzerna,Noite,105692-T TELT 2025/1 N1,Técnico em Eletrotécnica,2025.2-TTELT-AV.DIAG.FASE3,20/08/2026 à 20/08/2026,7/2024 à 6/2028,Felipe Nesi Ansiliero,2195165,"66,70%",16,8,00:25:17,SAEP_54725,5,Manter sistemas elétricos de potência,"Considerando Legislação, Normas Técnicas, de Qualidade, de Segurança, Saúde e Sustentabilidade",Equipamentos de medição elétrica,Medio,C,C
SC,SENAI/SC - Luzerna,Noite,105692-T TELT 2025/1 N1,Técnico em Eletrotécnica,2025.2-TTELT-AV.DIAG.FASE3,20/08/2026 à 20/08/2026,7/2024 à 6/2028,Felipe Nesi Ansiliero,2195165,"66,70%",16,8,00:25:17,SAEP_60004,1,Instalar sistemas elétricos prediais,"Considerando o Projeto Elétrico, Ordens de Serviço e Procedimentos Operacionais",Unidades de medidas,Dificil,B,B
SC,SENAI/SC - Luzerna,Noite,105692-T TELT 2025/1 N1,Técnico em Eletrotécnica,2025.2-TTELT-AV.DIAG.FASE3,20/08/2026 à 20/08/2026,7/2024 à 6/2028,Felipe Nesi Ansiliero,2195165,"66,70%",16,8,00:25:17,SAEP_60269,8,Implementar sistemas de energias renováveis,Considerando os requisitos da concessionária e características do projeto do cliente/consumidor,Sistema Fotovoltaico,Medio,B,B
SC,SENAI/SC - Luzerna,Noite,105692-T TELT 2025/1 N1,Técnico em Eletrotécnica,2025.2-TTELT-AV.DIAG.FASE3,20/08/2026 à 20/08/2026,7/2024 à 6/2028,Felipe Nesi Ansiliero,2195165,"66,70%",16,8,00:25:17,SAEP_60699,7,Integrar automação aos sistemas elétricos industriais,Considerando as soluções tecnológicas aplicáveis aos processos industriais,Acionamentos Eletroeletrônicos,Dificil,C,C
SC,SENAI/SC - Luzerna,Noite,105692-T TELT 2025/1 N1,Técnico em Eletrotécnica,2025.2-TTELT-AV.DIAG.FASE3,20/08/2026 à 20/08/2026,7/2024 à 6/2028,Felipe Nesi Ansiliero,2195165,"66,70%",16,8,00:25:17,SAEP_67739,7,Integrar automação aos sistemas elétricos industriais,Considerando as soluções tecnológicas aplicáveis aos processos industriais,Controladores Lógicos Programáveis (CLP),Dificil,B,B
SC,SENAI/SC - Luzerna,Noite,105692-T TELT 2025/1 N1,Técnico em Eletrotécnica,2025.2-TTELT-AV.DIAG.FASE3,20/08/2026 à 20/08/2026,7/2024 à 6/2028,Felipe Nesi Ansiliero,2195165,"66,70%",16,8,00:25:17,SAEP_67787,4,Manter sistemas elétricos prediais,,Manutenção Elétrica,Facil,C,C
SC,SENAI/SC - Luzerna,Noite,105692-T TELT 2025/1 N1,Técnico em Eletrotécnica,2025.2-TTELT-AV.DIAG.FASE3,20/08/2026 à 20/08/2026,7/2024 à 6/2028,Felipe Nesi Ansiliero,2195165,"66,70%",16,8,00:25:17,SAEP_69253,2,Projetar sistemas elétricos prediais,Considerando os requisitos e necessidades do cliente e as características do local do serviço.,Software de Desenho Assistido por Computador (CAD),Medio,A,A
SC,SENAI/SC - Luzerna,Noite,105692-T TELT 2025/1 N1,Técnico em Eletrotécnica,2025.2-TTELT-AV.DIAG.FASE3,20/08/2026 à 20/08/2026,7/2024 à 6/2028,Felipe Nesi Ansiliero,2195165,"66,70%",16,8,00:25:17,SAEP_76121,6,Integrar automação aos sistemas elétricos industriais,,Acionamentos Eletroeletrônicos,Dificil,C,D
SC,SENAI/SC - Luzerna,Noite,105692-T TELT 2025/1 N1,Técnico em Eletrotécnica,2025.2-TTELT-AV.DIAG.FASE3,20/08/2026 à 20/08/2026,7/2024 à 6/2028,Felipe Nesi Ansiliero,2195165,"66,70%",16,8,00:25:17,SAEP_76593,6,Integrar automação aos sistemas elétricos industriais,"Considerando as especificações do projeto industrial, manuais dos equipamentos e catálogos dos fabricantes",Acionamentos Eletroeletrônicos,Facil,A,D
SC,SENAI/SC - Luzerna,Noite,105692-T TELT 2025/1 N1,Técnico em Eletrotécnica,2025.2-TTELT-AV.DIAG.FASE3,20/08/2026 à 20/08/2026,7/2024 à 6/2028,Felipe Nesi Ansiliero,2195165,"66,70%",16,8,00:25:17,SAEP_76980,10,Projetar sistemas elétricos prediais,"Considerando Legislação, Normas Técnicas, de Qualidade, de Segurança, Saúde e Sustentabilidade",Sistema de Proteção contra Descargas Atmosféricas (SPDA),Facil,D,D
SC,SENAI/SC - Luzerna,Noite,105692-T TELT 2025/1 N1,Técnico em Eletrotécnica,2025.2-TTELT-AV.DIAG.FASE3,20/08/2026 à 20/08/2026,7/2024 à 6/2028,Felipe Nesi Ansiliero,2195165,"66,70%",16,8,00:25:17,SAEP_76994,10,Manter sistemas elétricos de potência,"Considerando as especificações do projeto elétrico de potência, manuais dos equipamentos e catálogos dos fabricantes",Redes de Distribuição,Medio,B,B
SC,SENAI/SC - Luzerna,Noite,105692-T TELT 2025/1 N1,Técnico em Eletrotécnica,2025.2-TTELT-AV.DIAG.FASE3,20/08/2026 à 20/08/2026,7/2024 à 6/2028,Felipe Nesi Ansiliero,2195165,"66,70%",16,8,00:25:17,SAEP_77014,2,Projetar sistemas elétricos de potência de acordo com os parâmetros da legislação vigente,Considerando os requisitos da concessionária e características do projeto do cliente/consumidor,Leitura e Interpretação de Desenhos Técnicos,Dificil,C,A
SC,SENAI/SC - Luzerna,Noite,105692-T TELT 2025/1 N1,Técnico em Eletrotécnica,2025.2-TTELT-AV.DIAG.FASE3,20/08/2026 à 20/08/2026,7/2024 à 6/2028,Felipe Nesi Ansiliero,2195165,"66,70%",16,8,00:25:17,SAEP_77534,10,Manter sistemas elétricos de potência,,Redes de Distribuição,Dificil,B,B
SC,SENAI/SC - Luzerna,Noite,105692-T TELT 2025/1 N1,Técnico em Eletrotécnica,2025.2-TTELT-AV.DIAG.FASE3,20/08/2026 à 20/08/2026,7/2024 à 6/2028,Felipe Nesi Ansiliero,2195165,"66,70%",16,8,00:25:17,SAEP_77686,5,Instalar sistemas elétricos prediais,"Considerando o Projeto Elétrico, Ordens de Serviço e Procedimentos Operacionais",Equipamentos de medição elétrica,Facil,B,B
SC,SENAI/SC - Luzerna,Noite,105692-T TELT 2025/1 N1,Técnico em Eletrotécnica,2025.2-TTELT-AV.DIAG.FASE3,20/08/2026 à 20/08/2026,7/2024 à 6/2028,Felipe Nesi Ansiliero,2195165,"66,70%",16,8,00:25:17,SAEP_77777,5,Manter sistemas elétricos industriais,,Equipamentos de medição elétrica,Medio,B,A
SC,SENAI/SC - Luzerna,Noite,105692-T TELT 2025/1 N1,Técnico em Eletrotécnica,2025.2-TTELT-AV.DIAG.FASE3,20/08/2026 à 20/08/2026,7/2024 à 6/2028,Felipe Nesi Ansiliero,2195165,"66,70%",16,8,00:25:17,SAEP_77862,9,Manter sistemas elétricos industriais,,Normas Técnicas e Regulamentações Aplicadas,Facil,A,A
SC,SENAI/SC - Luzerna,Noite,105692-T TELT 2025/1 N1,Técnico em Eletrotécnica,2025.2-TTELT-AV.DIAG.FASE3,20/08/2026 à 20/08/2026,7/2024 à 6/2028,Felipe Nesi Ansiliero,2195165,"66,70%",16,8,00:25:17,SAEP_78480,3,Projetar sistemas elétricos industriais,,"Normas Técnicas e Regulamentações Aplicadas, Projeto Elétrico",Medio,A,B
SC,SENAI/SC - Luzerna,Noite,105692-T TELT 2025/1 N1,Técnico em Eletrotécnica,2025.2-TTELT-AV.DIAG.FASE3,20/08/2026 à 20/08/2026,7/2024 à 6/2028,Felipe Nesi Ansiliero,2195165,"66,70%",16,8,00:25:17,SAEP_79948,8,Projetar sistemas elétricos prediais,"Considerando Legislação, Normas Técnicas, de Qualidade, de Segurança, Saúde e Sustentabilidade",Condutores Elétricos,Facil,B,B
SC,SENAI/SC - Luzerna,Noite,105692-T TELT 2025/1 N1,Técnico em Eletrotécnica,2025.2-TTELT-AV.DIAG.FASE3,20/08/2026 à 20/08/2026,7/2024 à 6/2028,Augusto Rhoden Sauthier,2184009,"62,50%",15,9,00:10:54,SAEP_37667,6,Integrar automação aos sistemas elétricos industriais,Considerando as soluções tecnológicas aplicáveis aos processos industriais,Acionamentos Eletroeletrônicos,Medio,C,C
SC,SENAI/SC - Luzerna,Noite,105692-T TELT 2025/1 N1,Técnico em Eletrotécnica,2025.2-TTELT-AV.DIAG.FASE3,20/08/2026 à 20/08/2026,7/2024 à 6/2028,Augusto Rhoden Sauthier,2184009,"62,50%",15,9,00:10:54,SAEP_50884,4,Manter sistemas elétricos prediais,"Considerando o Projeto Elétrico, Ordem de Serviço e o Plano de Controle da Manutenção - PCM",Manutenção Elétrica,Medio,B,B
SC,SENAI/SC - Luzerna,Noite,105692-T TELT 2025/1 N1,Técnico em Eletrotécnica,2025.2-TTELT-AV.DIAG.FASE3,20/08/2026 à 20/08/2026,7/2024 à 6/2028,Augusto Rhoden Sauthier,2184009,"62,50%",15,9,00:10:54,SAEP_54064,1,Instalar sistemas elétricos prediais,,Circuitos Elétricos em Corrente Alternada,Medio,B,B
SC,SENAI/SC - Luzerna,Noite,105692-T TELT 2025/1 N1,Técnico em Eletrotécnica,2025.2-TTELT-AV.DIAG.FASE3,20/08/2026 à 20/08/2026,7/2024 à 6/2028,Augusto Rhoden Sauthier,2184009,"62,50%",15,9,00:10:54,SAEP_54220,3,Projetar sistemas elétricos prediais,Considerando os requisitos e necessidades do cliente e as características do local do serviço.,Projeto Elétrico,Facil,C,C
SC,SENAI/SC - Luzerna,Noite,105692-T TELT 2025/1 N1,Técnico em Eletrotécnica,2025.2-TTELT-AV.DIAG.FASE3,20/08/2026 à 20/08/2026,7/2024 à 6/2028,Augusto Rhoden Sauthier,2184009,"62,50%",15,9,00:10:54,SAEP_54323,5,Manter sistemas elétricos industriais,"Considerando Legislação, Normas Técnicas, de Qualidade, de Segurança, Saúde e Sustentabilidade",Equipamentos de medição elétrica,Medio,A,A
SC,SENAI/SC - Luzerna,Noite,105692-T TELT 2025/1 N1,Técnico em Eletrotécnica,2025.2-TTELT-AV.DIAG.FASE3,20/08/2026 à 20/08/2026,7/2024 à 6/2028,Augusto Rhoden Sauthier,2184009,"62,50%",15,9,00:10:54,SAEP_54640,9,Instalar sistemas elétricos de potência,"Considerando as especificações do projeto elétrico de potência, manuais e catálogos dos equipamentos",Normas Técnicas e Regulamentações Aplicadas,Dificil,C,D
SC,SENAI/SC - Luzerna,Noite,105692-T TELT 2025/1 N1,Técnico em Eletrotécnica,2025.2-TTELT-AV.DIAG.FASE3,20/08/2026 à 20/08/2026,7/2024 à 6/2028,Augusto Rhoden Sauthier,2184009,"62,50%",15,9,00:10:54,SAEP_54725,5,Manter sistemas elétricos de potência,"Considerando Legislação, Normas Técnicas, de Qualidade, de Segurança, Saúde e Sustentabilidade",Equipamentos de medição elétrica,Medio,C,C
SC,SENAI/SC - Luzerna,Noite,105692-T TELT 2025/1 N1,Técnico em Eletrotécnica,2025.2-TTELT-AV.DIAG.FASE3,20/08/2026 à 20/08/2026,7/2024 à 6/2028,Augusto Rhoden Sauthier,2184009,"62,50%",15,9,00:10:54,SAEP_60004,1,Instalar sistemas elétricos prediais,"Considerando o Projeto Elétrico, Ordens de Serviço e Procedimentos Operacionais",Unidades de medidas,Dificil,B,B
SC,SENAI/SC - Luzerna,Noite,105692-T TELT 2025/1 N1,Técnico em Eletrotécnica,2025.2-TTELT-AV.DIAG.FASE3,20/08/2026 à 20/08/2026,7/2024 à 6/2028,Augusto Rhoden Sauthier,2184009,"62,50%",15,9,00:10:54,SAEP_60269,8,Implementar sistemas de energias renováveis,Considerando os requisitos da concessionária e características do projeto do cliente/consumidor,Sistema Fotovoltaico,Medio,B,B
SC,SENAI/SC - Luzerna,Noite,105692-T TELT 2025/1 N1,Técnico em Eletrotécnica,2025.2-TTELT-AV.DIAG.FASE3,20/08/2026 à 20/08/2026,7/2024 à 6/2028,Augusto Rhoden Sauthier,2184009,"62,50%",15,9,00:10:54,SAEP_60699,7,Integrar automação aos sistemas elétricos industriais,Considerando as soluções tecnológicas aplicáveis aos processos industriais,Acionamentos Eletroeletrônicos,Dificil,C,C
SC,SENAI/SC - Luzerna,Noite,105692-T TELT 2025/1 N1,Técnico em Eletrotécnica,2025.2-TTELT-AV.DIAG.FASE3,20/08/2026 à 20/08/2026,7/2024 à 6/2028,Augusto Rhoden Sauthier,2184009,"62,50%",15,9,00:10:54,SAEP_67739,7,Integrar automação aos sistemas elétricos industriais,Considerando as soluções tecnológicas aplicáveis aos processos industriais,Controladores Lógicos Programáveis (CLP),Dificil,C,B
SC,SENAI/SC - Luzerna,Noite,105692-T TELT 2025/1 N1,Técnico em Eletrotécnica,2025.2-TTELT-AV.DIAG.FASE3,20/08/2026 à 20/08/2026,7/2024 à 6/2028,Augusto Rhoden Sauthier,2184009,"62,50%",15,9,00:10:54,SAEP_67787,4,Manter sistemas elétricos prediais,,Manutenção Elétrica,Facil,D,C
SC,SENAI/SC - Luzerna,Noite,105692-T TELT 2025/1 N1,Técnico em Eletrotécnica,2025.2-TTELT-AV.DIAG.FASE3,20/08/2026 à 20/08/2026,7/2024 à 6/2028,Augusto Rhoden Sauthier,2184009,"62,50%",15,9,00:10:54,SAEP_69253,2,Projetar sistemas elétricos prediais,Considerando os requisitos e necessidades do cliente e as características do local do serviço.,Software de Desenho Assistido por Computador (CAD),Medio,B,A
SC,SENAI/SC - Luzerna,Noite,105692-T TELT 2025/1 N1,Técnico em Eletrotécnica,2025.2-TTELT-AV.DIAG.FASE3,20/08/2026 à 20/08/2026,7/2024 à 6/2028,Augusto Rhoden Sauthier,2184009,"62,50%",15,9,00:10:54,SAEP_76121,6,Integrar automação aos sistemas elétricos industriais,,Acionamentos Eletroeletrônicos,Dificil,A,D
SC,SENAI/SC - Luzerna,Noite,105692-T TELT 2025/1 N1,Técnico em Eletrotécnica,2025.2-TTELT-AV.DIAG.FASE3,20/08/2026 à 20/08/2026,7/2024 à 6/2028,Augusto Rhoden Sauthier,2184009,"62,50%",15,9,00:10:54,SAEP_76593,6,Integrar automação aos sistemas elétricos industriais,"Considerando as especificações do projeto industrial, manuais dos equipamentos e catálogos dos fabricantes",Acionamentos Eletroeletrônicos,Facil,D,D
SC,SENAI/SC - Luzerna,Noite,105692-T TELT 2025/1 N1,Técnico em Eletrotécnica,2025.2-TTELT-AV.DIAG.FASE3,20/08/2026 à 20/08/2026,7/2024 à 6/2028,Augusto Rhoden Sauthier,2184009,"62,50%",15,9,00:10:54,SAEP_76980,10,Projetar sistemas elétricos prediais,"Considerando Legislação, Normas Técnicas, de Qualidade, de Segurança, Saúde e Sustentabilidade",Sistema de Proteção contra Descargas Atmosféricas (SPDA),Facil,D,D
SC,SENAI/SC - Luzerna,Noite,105692-T TELT 2025/1 N1,Técnico em Eletrotécnica,2025.2-TTELT-AV.DIAG.FASE3,20/08/2026 à 20/08/2026,7/2024 à 6/2028,Augusto Rhoden Sauthier,2184009,"62,50%",15,9,00:10:54,SAEP_76994,10,Manter sistemas elétricos de potência,"Considerando as especificações do projeto elétrico de potência, manuais dos equipamentos e catálogos dos fabricantes",Redes de Distribuição,Medio,B,B
SC,SENAI/SC - Luzerna,Noite,105692-T TELT 2025/1 N1,Técnico em Eletrotécnica,2025.2-TTELT-AV.DIAG.FASE3,20/08/2026 à 20/08/2026,7/2024 à 6/2028,Augusto Rhoden Sauthier,2184009,"62,50%",15,9,00:10:54,SAEP_77014,2,Projetar sistemas elétricos de potência de acordo com os parâmetros da legislação vigente,Considerando os requisitos da concessionária e características do projeto do cliente/consumidor,Leitura e Interpretação de Desenhos Técnicos,Dificil,B,A
SC,SENAI/SC - Luzerna,Noite,105692-T TELT 2025/1 N1,Técnico em Eletrotécnica,2025.2-TTELT-AV.DIAG.FASE3,20/08/2026 à 20/08/2026,7/2024 à 6/2028,Augusto Rhoden Sauthier,2184009,"62,50%",15,9,00:10:54,SAEP_77534,10,Manter sistemas elétricos de potência,,Redes de Distribuição,Dificil,A,B
SC,SENAI/SC - Luzerna,Noite,105692-T TELT 2025/1 N1,Técnico em Eletrotécnica,2025.2-TTELT-AV.DIAG.FASE3,20/08/2026 à 20/08/2026,7/2024 à 6/2028,Augusto Rhoden Sauthier,2184009,"62,50%",15,9,00:10:54,SAEP_77686,5,Instalar sistemas elétricos prediais,"Considerando o Projeto Elétrico, Ordens de Serviço e Procedimentos Operacionais",Equipamentos de medição elétrica,Facil,B,B
SC,SENAI/SC - Luzerna,Noite,105692-T TELT 2025/1 N1,Técnico em Eletrotécnica,2025.2-TTELT-AV.DIAG.FASE3,20/08/2026 à 20/08/2026,7/2024 à 6/2028,Augusto Rhoden Sauthier,2184009,"62,50%",15,9,00:10:54,SAEP_77777,5,Manter sistemas elétricos industriais,,Equipamentos de medição elétrica,Medio,B,A
SC,SENAI/SC - Luzerna,Noite,105692-T TELT 2025/1 N1,Técnico em Eletrotécnica,2025.2-TTELT-AV.DIAG.FASE3,20/08/2026 à 20/08/2026,7/2024 à 6/2028,Augusto Rhoden Sauthier,2184009,"62,50%",15,9,00:10:54,SAEP_77862,9,Manter sistemas elétricos industriais,,Normas Técnicas e Regulamentações Aplicadas,Facil,A,A
SC,SENAI/SC - Luzerna,Noite,105692-T TELT 2025/1 N1,Técnico em Eletrotécnica,2025.2-TTELT-AV.DIAG.FASE3,20/08/2026 à 20/08/2026,7/2024 à 6/2028,Augusto Rhoden Sauthier,2184009,"62,50%",15,9,00:10:54,SAEP_78480,3,Projetar sistemas elétricos industriais,,"Normas Técnicas e Regulamentações Aplicadas, Projeto Elétrico",Medio,A,B
SC,SENAI/SC - Luzerna,Noite,105692-T TELT 2025/1 N1,Técnico em Eletrotécnica,2025.2-TTELT-AV.DIAG.FASE3,20/08/2026 à 20/08/2026,7/2024 à 6/2028,Augusto Rhoden Sauthier,2184009,"62,50%",15,9,00:10:54,SAEP_79948,8,Projetar sistemas elétricos prediais,"Considerando Legislação, Normas Técnicas, de Qualidade, de Segurança, Saúde e Sustentabilidade",Condutores Elétricos,Facil,B,B
SC,SENAI/SC - Luzerna,Noite,105692-T TELT 2025/1 N1,Técnico em Eletrotécnica,2025.2-TTELT-AV.DIAG.FASE3,20/08/2026 à 20/08/2026,7/2024 à 6/2028,Cesar Kieling,2205313,"62,50%",15,9,00:48:30,SAEP_37667,6,Integrar automação aos sistemas elétricos industriais,Considerando as soluções tecnológicas aplicáveis aos processos industriais,Acionamentos Eletroeletrônicos,Medio,C,C
SC,SENAI/SC - Luzerna,Noite,105692-T TELT 2025/1 N1,Técnico em Eletrotécnica,2025.2-TTELT-AV.DIAG.FASE3,20/08/2026 à 20/08/2026,7/2024 à 6/2028,Cesar Kieling,2205313,"62,50%",15,9,00:48:30,SAEP_50884,4,Manter sistemas elétricos prediais,"Considerando o Projeto Elétrico, Ordem de Serviço e o Plano de Controle da Manutenção - PCM",Manutenção Elétrica,Medio,B,B
SC,SENAI/SC - Luzerna,Noite,105692-T TELT 2025/1 N1,Técnico em Eletrotécnica,2025.2-TTELT-AV.DIAG.FASE3,20/08/2026 à 20/08/2026,7/2024 à 6/2028,Cesar Kieling,2205313,"62,50%",15,9,00:48:30,SAEP_54064,1,Instalar sistemas elétricos prediais,,Circuitos Elétricos em Corrente Alternada,Medio,D,B
SC,SENAI/SC - Luzerna,Noite,105692-T TELT 2025/1 N1,Técnico em Eletrotécnica,2025.2-TTELT-AV.DIAG.FASE3,20/08/2026 à 20/08/2026,7/2024 à 6/2028,Cesar Kieling,2205313,"62,50%",15,9,00:48:30,SAEP_54220,3,Projetar sistemas elétricos prediais,Considerando os requisitos e necessidades do cliente e as características do local do serviço.,Projeto Elétrico,Facil,C,C
SC,SENAI/SC - Luzerna,Noite,105692-T TELT 2025/1 N1,Técnico em Eletrotécnica,2025.2-TTELT-AV.DIAG.FASE3,20/08/2026 à 20/08/2026,7/2024 à 6/2028,Cesar Kieling,2205313,"62,50%",15,9,00:48:30,SAEP_54323,5,Manter sistemas elétricos industriais,"Considerando Legislação, Normas Técnicas, de Qualidade, de Segurança, Saúde e Sustentabilidade",Equipamentos de medição elétrica,Medio,C,A
SC,SENAI/SC - Luzerna,Noite,105692-T TELT 2025/1 N1,Técnico em Eletrotécnica,2025.2-TTELT-AV.DIAG.FASE3,20/08/2026 à 20/08/2026,7/2024 à 6/2028,Cesar Kieling,2205313,"62,50%",15,9,00:48:30,SAEP_54640,9,Instalar sistemas elétricos de potência,"Considerando as especificações do projeto elétrico de potência, manuais e catálogos dos equipamentos",Normas Técnicas e Regulamentações Aplicadas,Dificil,B,D
SC,SENAI/SC - Luzerna,Noite,105692-T TELT 2025/1 N1,Técnico em Eletrotécnica,2025.2-TTELT-AV.DIAG.FASE3,20/08/2026 à 20/08/2026,7/2024 à 6/2028,Cesar Kieling,2205313,"62,50%",15,9,00:48:30,SAEP_54725,5,Manter sistemas elétricos de potência,"Considerando Legislação, Normas Técnicas, de Qualidade, de Segurança, Saúde e Sustentabilidade",Equipamentos de medição elétrica,Medio,C,C
SC,SENAI/SC - Luzerna,Noite,105692-T TELT 2025/1 N1,Técnico em Eletrotécnica,2025.2-TTELT-AV.DIAG.FASE3,20/08/2026 à 20/08/2026,7/2024 à 6/2028,Cesar Kieling,2205313,"62,50%",15,9,00:48:30,SAEP_60004,1,Instalar sistemas elétricos prediais,"Considerando o Projeto Elétrico, Ordens de Serviço e Procedimentos Operacionais",Unidades de medidas,Dificil,C,B
SC,SENAI/SC - Luzerna,Noite,105692-T TELT 2025/1 N1,Técnico em Eletrotécnica,2025.2-TTELT-AV.DIAG.FASE3,20/08/2026 à 20/08/2026,7/2024 à 6/2028,Cesar Kieling,2205313,"62,50%",15,9,00:48:30,SAEP_60269,8,Implementar sistemas de energias renováveis,Considerando os requisitos da concessionária e características do projeto do cliente/consumidor,Sistema Fotovoltaico,Medio,B,B
SC,SENAI/SC - Luzerna,Noite,105692-T TELT 2025/1 N1,Técnico em Eletrotécnica,2025.2-TTELT-AV.DIAG.FASE3,20/08/2026 à 20/08/2026,7/2024 à 6/2028,Cesar Kieling,2205313,"62,50%",15,9,00:48:30,SAEP_60699,7,Integrar automação aos sistemas elétricos industriais,Considerando as soluções tecnológicas aplicáveis aos processos industriais,Acionamentos Eletroeletrônicos,Dificil,A,C
SC,SENAI/SC - Luzerna,Noite,105692-T TELT 2025/1 N1,Técnico em Eletrotécnica,2025.2-TTELT-AV.DIAG.FASE3,20/08/2026 à 20/08/2026,7/2024 à 6/2028,Cesar Kieling,2205313,"62,50%",15,9,00:48:30,SAEP_67739,7,Integrar automação aos sistemas elétricos industriais,Considerando as soluções tecnológicas aplicáveis aos processos industriais,Controladores Lógicos Programáveis (CLP),Dificil,B,B
SC,SENAI/SC - Luzerna,Noite,105692-T TELT 2025/1 N1,Técnico em Eletrotécnica,2025.2-TTELT-AV.DIAG.FASE3,20/08/2026 à 20/08/2026,7/2024 à 6/2028,Cesar Kieling,2205313,"62,50%",15,9,00:48:30,SAEP_67787,4,Manter sistemas elétricos prediais,,Manutenção Elétrica,Facil,C,C
SC,SENAI/SC - Luzerna,Noite,105692-T TELT 2025/1 N1,Técnico em Eletrotécnica,2025.2-TTELT-AV.DIAG.FASE3,20/08/2026 à 20/08/2026,7/2024 à 6/2028,Cesar Kieling,2205313,"62,50%",15,9,00:48:30,SAEP_69253,2,Projetar sistemas elétricos prediais,Considerando os requisitos e necessidades do cliente e as características do local do serviço.,Software de Desenho Assistido por Computador (CAD),Medio,A,A
SC,SENAI/SC - Luzerna,Noite,105692-T TELT 2025/1 N1,Técnico em Eletrotécnica,2025.2-TTELT-AV.DIAG.FASE3,20/08/2026 à 20/08/2026,7/2024 à 6/2028,Cesar Kieling,2205313,"62,50%",15,9,00:48:30,SAEP_76121,6,Integrar automação aos sistemas elétricos industriais,,Acionamentos Eletroeletrônicos,Dificil,C,D
SC,SENAI/SC - Luzerna,Noite,105692-T TELT 2025/1 N1,Técnico em Eletrotécnica,2025.2-TTELT-AV.DIAG.FASE3,20/08/2026 à 20/08/2026,7/2024 à 6/2028,Cesar Kieling,2205313,"62,50%",15,9,00:48:30,SAEP_76593,6,Integrar automação aos sistemas elétricos industriais,"Considerando as especificações do projeto industrial, manuais dos equipamentos e catálogos dos fabricantes",Acionamentos Eletroeletrônicos,Facil,A,D
SC,SENAI/SC - Luzerna,Noite,105692-T TELT 2025/1 N1,Técnico em Eletrotécnica,2025.2-TTELT-AV.DIAG.FASE3,20/08/2026 à 20/08/2026,7/2024 à 6/2028,Cesar Kieling,2205313,"62,50%",15,9,00:48:30,SAEP_76980,10,Projetar sistemas elétricos prediais,"Considerando Legislação, Normas Técnicas, de Qualidade, de Segurança, Saúde e Sustentabilidade",Sistema de Proteção contra Descargas Atmosféricas (SPDA),Facil,D,D
SC,SENAI/SC - Luzerna,Noite,105692-T TELT 2025/1 N1,Técnico em Eletrotécnica,2025.2-TTELT-AV.DIAG.FASE3,20/08/2026 à 20/08/2026,7/2024 à 6/2028,Cesar Kieling,2205313,"62,50%",15,9,00:48:30,SAEP_76994,10,Manter sistemas elétricos de potência,"Considerando as especificações do projeto elétrico de potência, manuais dos equipamentos e catálogos dos fabricantes",Redes de Distribuição,Medio,B,B
SC,SENAI/SC - Luzerna,Noite,105692-T TELT 2025/1 N1,Técnico em Eletrotécnica,2025.2-TTELT-AV.DIAG.FASE3,20/08/2026 à 20/08/2026,7/2024 à 6/2028,Cesar Kieling,2205313,"62,50%",15,9,00:48:30,SAEP_77014,2,Projetar sistemas elétricos de potência de acordo com os parâmetros da legislação vigente,Considerando os requisitos da concessionária e características do projeto do cliente/consumidor,Leitura e Interpretação de Desenhos Técnicos,Dificil,D,A
SC,SENAI/SC - Luzerna,Noite,105692-T TELT 2025/1 N1,Técnico em Eletrotécnica,2025.2-TTELT-AV.DIAG.FASE3,20/08/2026 à 20/08/2026,7/2024 à 6/2028,Cesar Kieling,2205313,"62,50%",15,9,00:48:30,SAEP_77534,10,Manter sistemas elétricos de potência,,Redes de Distribuição,Dificil,B,B
SC,SENAI/SC - Luzerna,Noite,105692-T TELT 2025/1 N1,Técnico em Eletrotécnica,2025.2-TTELT-AV.DIAG.FASE3,20/08/2026 à 20/08/2026,7/2024 à 6/2028,Cesar Kieling,2205313,"62,50%",15,9,00:48:30,SAEP_77686,5,Instalar sistemas elétricos prediais,"Considerando o Projeto Elétrico, Ordens de Serviço e Procedimentos Operacionais",Equipamentos de medição elétrica,Facil,B,B
SC,SENAI/SC - Luzerna,Noite,105692-T TELT 2025/1 N1,Técnico em Eletrotécnica,2025.2-TTELT-AV.DIAG.FASE3,20/08/2026 à 20/08/2026,7/2024 à 6/2028,Cesar Kieling,2205313,"62,50%",15,9,00:48:30,SAEP_77777,5,Manter sistemas elétricos industriais,,Equipamentos de medição elétrica,Medio,B,A
SC,SENAI/SC - Luzerna,Noite,105692-T TELT 2025/1 N1,Técnico em Eletrotécnica,2025.2-TTELT-AV.DIAG.FASE3,20/08/2026 à 20/08/2026,7/2024 à 6/2028,Cesar Kieling,2205313,"62,50%",15,9,00:48:30,SAEP_77862,9,Manter sistemas elétricos industriais,,Normas Técnicas e Regulamentações Aplicadas,Facil,A,A
SC,SENAI/SC - Luzerna,Noite,105692-T TELT 2025/1 N1,Técnico em Eletrotécnica,2025.2-TTELT-AV.DIAG.FASE3,20/08/2026 à 20/08/2026,7/2024 à 6/2028,Cesar Kieling,2205313,"62,50%",15,9,00:48:30,SAEP_78480,3,Projetar sistemas elétricos industriais,,"Normas Técnicas e Regulamentações Aplicadas, Projeto Elétrico",Medio,B,B
SC,SENAI/SC - Luzerna,Noite,105692-T TELT 2025/1 N1,Técnico em Eletrotécnica,2025.2-TTELT-AV.DIAG.FASE3,20/08/2026 à 20/08/2026,7/2024 à 6/2028,Cesar Kieling,2205313,"62,50%",15,9,00:48:30,SAEP_79948,8,Projetar sistemas elétricos prediais,"Considerando Legislação, Normas Técnicas, de Qualidade, de Segurança, Saúde e Sustentabilidade",Condutores Elétricos,Facil,B,B
SC,SENAI/SC - Luzerna,Noite,105692-T TELT 2025/1 N1,Técnico em Eletrotécnica,2025.2-TTELT-AV.DIAG.FASE3,20/08/2026 à 20/08/2026,7/2024 à 6/2028,Maria Luiza Arenhart,2152702,"58,30%",14,10,00:16:23,SAEP_37667,6,Integrar automação aos sistemas elétricos industriais,Considerando as soluções tecnológicas aplicáveis aos processos industriais,Acionamentos Eletroeletrônicos,Medio,C,C
SC,SENAI/SC - Luzerna,Noite,105692-T TELT 2025/1 N1,Técnico em Eletrotécnica,2025.2-TTELT-AV.DIAG.FASE3,20/08/2026 à 20/08/2026,7/2024 à 6/2028,Maria Luiza Arenhart,2152702,"58,30%",14,10,00:16:23,SAEP_50884,4,Manter sistemas elétricos prediais,"Considerando o Projeto Elétrico, Ordem de Serviço e o Plano de Controle da Manutenção - PCM",Manutenção Elétrica,Medio,A,B
SC,SENAI/SC - Luzerna,Noite,105692-T TELT 2025/1 N1,Técnico em Eletrotécnica,2025.2-TTELT-AV.DIAG.FASE3,20/08/2026 à 20/08/2026,7/2024 à 6/2028,Maria Luiza Arenhart,2152702,"58,30%",14,10,00:16:23,SAEP_54064,1,Instalar sistemas elétricos prediais,,Circuitos Elétricos em Corrente Alternada,Medio,B,B
SC,SENAI/SC - Luzerna,Noite,105692-T TELT 2025/1 N1,Técnico em Eletrotécnica,2025.2-TTELT-AV.DIAG.FASE3,20/08/2026 à 20/08/2026,7/2024 à 6/2028,Maria Luiza Arenhart,2152702,"58,30%",14,10,00:16:23,SAEP_54220,3,Projetar sistemas elétricos prediais,Considerando os requisitos e necessidades do cliente e as características do local do serviço.,Projeto Elétrico,Facil,C,C
SC,SENAI/SC - Luzerna,Noite,105692-T TELT 2025/1 N1,Técnico em Eletrotécnica,2025.2-TTELT-AV.DIAG.FASE3,20/08/2026 à 20/08/2026,7/2024 à 6/2028,Maria Luiza Arenhart,2152702,"58,30%",14,10,00:16:23,SAEP_54323,5,Manter sistemas elétricos industriais,"Considerando Legislação, Normas Técnicas, de Qualidade, de Segurança, Saúde e Sustentabilidade",Equipamentos de medição elétrica,Medio,A,A
SC,SENAI/SC - Luzerna,Noite,105692-T TELT 2025/1 N1,Técnico em Eletrotécnica,2025.2-TTELT-AV.DIAG.FASE3,20/08/2026 à 20/08/2026,7/2024 à 6/2028,Maria Luiza Arenhart,2152702,"58,30%",14,10,00:16:23,SAEP_54640,9,Instalar sistemas elétricos de potência,"Considerando as especificações do projeto elétrico de potência, manuais e catálogos dos equipamentos",Normas Técnicas e Regulamentações Aplicadas,Dificil,C,D
SC,SENAI/SC - Luzerna,Noite,105692-T TELT 2025/1 N1,Técnico em Eletrotécnica,2025.2-TTELT-AV.DIAG.FASE3,20/08/2026 à 20/08/2026,7/2024 à 6/2028,Maria Luiza Arenhart,2152702,"58,30%",14,10,00:16:23,SAEP_54725,5,Manter sistemas elétricos de potência,"Considerando Legislação, Normas Técnicas, de Qualidade, de Segurança, Saúde e Sustentabilidade",Equipamentos de medição elétrica,Medio,B,C
SC,SENAI/SC - Luzerna,Noite,105692-T TELT 2025/1 N1,Técnico em Eletrotécnica,2025.2-TTELT-AV.DIAG.FASE3,20/08/2026 à 20/08/2026,7/2024 à 6/2028,Maria Luiza Arenhart,2152702,"58,30%",14,10,00:16:23,SAEP_60004,1,Instalar sistemas elétricos prediais,"Considerando o Projeto Elétrico, Ordens de Serviço e Procedimentos Operacionais",Unidades de medidas,Dificil,B,B
SC,SENAI/SC - Luzerna,Noite,105692-T TELT 2025/1 N1,Técnico em Eletrotécnica,2025.2-TTELT-AV.DIAG.FASE3,20/08/2026 à 20/08/2026,7/2024 à 6/2028,Maria Luiza Arenhart,2152702,"58,30%",14,10,00:16:23,SAEP_60269,8,Implementar sistemas de energias renováveis,Considerando os requisitos da concessionária e características do projeto do cliente/consumidor,Sistema Fotovoltaico,Medio,B,B
SC,SENAI/SC - Luzerna,Noite,105692-T TELT 2025/1 N1,Técnico em Eletrotécnica,2025.2-TTELT-AV.DIAG.FASE3,20/08/2026 à 20/08/2026,7/2024 à 6/2028,Maria Luiza Arenhart,2152702,"58,30%",14,10,00:16:23,SAEP_60699,7,Integrar automação aos sistemas elétricos industriais,Considerando as soluções tecnológicas aplicáveis aos processos industriais,Acionamentos Eletroeletrônicos,Dificil,D,C
SC,SENAI/SC - Luzerna,Noite,105692-T TELT 2025/1 N1,Técnico em Eletrotécnica,2025.2-TTELT-AV.DIAG.FASE3,20/08/2026 à 20/08/2026,7/2024 à 6/2028,Maria Luiza Arenhart,2152702,"58,30%",14,10,00:16:23,SAEP_67739,7,Integrar automação aos sistemas elétricos industriais,Considerando as soluções tecnológicas aplicáveis aos processos industriais,Controladores Lógicos Programáveis (CLP),Dificil,B,B
SC,SENAI/SC - Luzerna,Noite,105692-T TELT 2025/1 N1,Técnico em Eletrotécnica,2025.2-TTELT-AV.DIAG.FASE3,20/08/2026 à 20/08/2026,7/2024 à 6/2028,Maria Luiza Arenhart,2152702,"58,30%",14,10,00:16:23,SAEP_67787,4,Manter sistemas elétricos prediais,,Manutenção Elétrica,Facil,C,C
SC,SENAI/SC - Luzerna,Noite,105692-T TELT 2025/1 N1,Técnico em Eletrotécnica,2025.2-TTELT-AV.DIAG.FASE3,20/08/2026 à 20/08/2026,7/2024 à 6/2028,Maria Luiza Arenhart,2152702,"58,30%",14,10,00:16:23,SAEP_69253,2,Projetar sistemas elétricos prediais,Considerando os requisitos e necessidades do cliente e as características do local do serviço.,Software de Desenho Assistido por Computador (CAD),Medio,B,A
SC,SENAI/SC - Luzerna,Noite,105692-T TELT 2025/1 N1,Técnico em Eletrotécnica,2025.2-TTELT-AV.DIAG.FASE3,20/08/2026 à 20/08/2026,7/2024 à 6/2028,Maria Luiza Arenhart,2152702,"58,30%",14,10,00:16:23,SAEP_76121,6,Integrar automação aos sistemas elétricos industriais,,Acionamentos Eletroeletrônicos,Dificil,C,D
SC,SENAI/SC - Luzerna,Noite,105692-T TELT 2025/1 N1,Técnico em Eletrotécnica,2025.2-TTELT-AV.DIAG.FASE3,20/08/2026 à 20/08/2026,7/2024 à 6/2028,Maria Luiza Arenhart,2152702,"58,30%",14,10,00:16:23,SAEP_76593,6,Integrar automação aos sistemas elétricos industriais,"Considerando as especificações do projeto industrial, manuais dos equipamentos e catálogos dos fabricantes",Acionamentos Eletroeletrônicos,Facil,D,D
SC,SENAI/SC - Luzerna,Noite,105692-T TELT 2025/1 N1,Técnico em Eletrotécnica,2025.2-TTELT-AV.DIAG.FASE3,20/08/2026 à 20/08/2026,7/2024 à 6/2028,Maria Luiza Arenhart,2152702,"58,30%",14,10,00:16:23,SAEP_76980,10,Projetar sistemas elétricos prediais,"Considerando Legislação, Normas Técnicas, de Qualidade, de Segurança, Saúde e Sustentabilidade",Sistema de Proteção contra Descargas Atmosféricas (SPDA),Facil,D,D
SC,SENAI/SC - Luzerna,Noite,105692-T TELT 2025/1 N1,Técnico em Eletrotécnica,2025.2-TTELT-AV.DIAG.FASE3,20/08/2026 à 20/08/2026,7/2024 à 6/2028,Maria Luiza Arenhart,2152702,"58,30%",14,10,00:16:23,SAEP_76994,10,Manter sistemas elétricos de potência,"Considerando as especificações do projeto elétrico de potência, manuais dos equipamentos e catálogos dos fabricantes",Redes de Distribuição,Medio,D,B
SC,SENAI/SC - Luzerna,Noite,105692-T TELT 2025/1 N1,Técnico em Eletrotécnica,2025.2-TTELT-AV.DIAG.FASE3,20/08/2026 à 20/08/2026,7/2024 à 6/2028,Maria Luiza Arenhart,2152702,"58,30%",14,10,00:16:23,SAEP_77014,2,Projetar sistemas elétricos de potência de acordo com os parâmetros da legislação vigente,Considerando os requisitos da concessionária e características do projeto do cliente/consumidor,Leitura e Interpretação de Desenhos Técnicos,Dificil,A,A
SC,SENAI/SC - Luzerna,Noite,105692-T TELT 2025/1 N1,Técnico em Eletrotécnica,2025.2-TTELT-AV.DIAG.FASE3,20/08/2026 à 20/08/2026,7/2024 à 6/2028,Maria Luiza Arenhart,2152702,"58,30%",14,10,00:16:23,SAEP_77534,10,Manter sistemas elétricos de potência,,Redes de Distribuição,Dificil,C,B
SC,SENAI/SC - Luzerna,Noite,105692-T TELT 2025/1 N1,Técnico em Eletrotécnica,2025.2-TTELT-AV.DIAG.FASE3,20/08/2026 à 20/08/2026,7/2024 à 6/2028,Maria Luiza Arenhart,2152702,"58,30%",14,10,00:16:23,SAEP_77686,5,Instalar sistemas elétricos prediais,"Considerando o Projeto Elétrico, Ordens de Serviço e Procedimentos Operacionais",Equipamentos de medição elétrica,Facil,A,B
SC,SENAI/SC - Luzerna,Noite,105692-T TELT 2025/1 N1,Técnico em Eletrotécnica,2025.2-TTELT-AV.DIAG.FASE3,20/08/2026 à 20/08/2026,7/2024 à 6/2028,Maria Luiza Arenhart,2152702,"58,30%",14,10,00:16:23,SAEP_77777,5,Manter sistemas elétricos industriais,,Equipamentos de medição elétrica,Medio,B,A
SC,SENAI/SC - Luzerna,Noite,105692-T TELT 2025/1 N1,Técnico em Eletrotécnica,2025.2-TTELT-AV.DIAG.FASE3,20/08/2026 à 20/08/2026,7/2024 à 6/2028,Maria Luiza Arenhart,2152702,"58,30%",14,10,00:16:23,SAEP_77862,9,Manter sistemas elétricos industriais,,Normas Técnicas e Regulamentações Aplicadas,Facil,A,A
SC,SENAI/SC - Luzerna,Noite,105692-T TELT 2025/1 N1,Técnico em Eletrotécnica,2025.2-TTELT-AV.DIAG.FASE3,20/08/2026 à 20/08/2026,7/2024 à 6/2028,Maria Luiza Arenhart,2152702,"58,30%",14,10,00:16:23,SAEP_78480,3,Projetar sistemas elétricos industriais,,"Normas Técnicas e Regulamentações Aplicadas, Projeto Elétrico",Medio,B,B
SC,SENAI/SC - Luzerna,Noite,105692-T TELT 2025/1 N1,Técnico em Eletrotécnica,2025.2-TTELT-AV.DIAG.FASE3,20/08/2026 à 20/08/2026,7/2024 à 6/2028,Maria Luiza Arenhart,2152702,"58,30%",14,10,00:16:23,SAEP_79948,8,Projetar sistemas elétricos prediais,"Considerando Legislação, Normas Técnicas, de Qualidade, de Segurança, Saúde e Sustentabilidade",Condutores Elétricos,Facil,B,B
SC,SENAI/SC - Luzerna,Noite,105692-T TELT 2025/1 N1,Técnico em Eletrotécnica,2025.2-TTELT-AV.DIAG.FASE3,20/08/2026 à 20/08/2026,7/2024 à 6/2028,Caique Candido Tonial,2182712,"58,30%",14,10,00:29:40,SAEP_37667,6,Integrar automação aos sistemas elétricos industriais,Considerando as soluções tecnológicas aplicáveis aos processos industriais,Acionamentos Eletroeletrônicos,Medio,C,C
SC,SENAI/SC - Luzerna,Noite,105692-T TELT 2025/1 N1,Técnico em Eletrotécnica,2025.2-TTELT-AV.DIAG.FASE3,20/08/2026 à 20/08/2026,7/2024 à 6/2028,Caique Candido Tonial,2182712,"58,30%",14,10,00:29:40,SAEP_50884,4,Manter sistemas elétricos prediais,"Considerando o Projeto Elétrico, Ordem de Serviço e o Plano de Controle da Manutenção - PCM",Manutenção Elétrica,Medio,B,B
SC,SENAI/SC - Luzerna,Noite,105692-T TELT 2025/1 N1,Técnico em Eletrotécnica,2025.2-TTELT-AV.DIAG.FASE3,20/08/2026 à 20/08/2026,7/2024 à 6/2028,Caique Candido Tonial,2182712,"58,30%",14,10,00:29:40,SAEP_54064,1,Instalar sistemas elétricos prediais,,Circuitos Elétricos em Corrente Alternada,Medio,A,B
SC,SENAI/SC - Luzerna,Noite,105692-T TELT 2025/1 N1,Técnico em Eletrotécnica,2025.2-TTELT-AV.DIAG.FASE3,20/08/2026 à 20/08/2026,7/2024 à 6/2028,Caique Candido Tonial,2182712,"58,30%",14,10,00:29:40,SAEP_54220,3,Projetar sistemas elétricos prediais,Considerando os requisitos e necessidades do cliente e as características do local do serviço.,Projeto Elétrico,Facil,C,C
SC,SENAI/SC - Luzerna,Noite,105692-T TELT 2025/1 N1,Técnico em Eletrotécnica,2025.2-TTELT-AV.DIAG.FASE3,20/08/2026 à 20/08/2026,7/2024 à 6/2028,Caique Candido Tonial,2182712,"58,30%",14,10,00:29:40,SAEP_54323,5,Manter sistemas elétricos industriais,"Considerando Legislação, Normas Técnicas, de Qualidade, de Segurança, Saúde e Sustentabilidade",Equipamentos de medição elétrica,Medio,C,A
SC,SENAI/SC - Luzerna,Noite,105692-T TELT 2025/1 N1,Técnico em Eletrotécnica,2025.2-TTELT-AV.DIAG.FASE3,20/08/2026 à 20/08/2026,7/2024 à 6/2028,Caique Candido Tonial,2182712,"58,30%",14,10,00:29:40,SAEP_54640,9,Instalar sistemas elétricos de potência,"Considerando as especificações do projeto elétrico de potência, manuais e catálogos dos equipamentos",Normas Técnicas e Regulamentações Aplicadas,Dificil,B,D
SC,SENAI/SC - Luzerna,Noite,105692-T TELT 2025/1 N1,Técnico em Eletrotécnica,2025.2-TTELT-AV.DIAG.FASE3,20/08/2026 à 20/08/2026,7/2024 à 6/2028,Caique Candido Tonial,2182712,"58,30%",14,10,00:29:40,SAEP_54725,5,Manter sistemas elétricos de potência,"Considerando Legislação, Normas Técnicas, de Qualidade, de Segurança, Saúde e Sustentabilidade",Equipamentos de medição elétrica,Medio,B,C
SC,SENAI/SC - Luzerna,Noite,105692-T TELT 2025/1 N1,Técnico em Eletrotécnica,2025.2-TTELT-AV.DIAG.FASE3,20/08/2026 à 20/08/2026,7/2024 à 6/2028,Caique Candido Tonial,2182712,"58,30%",14,10,00:29:40,SAEP_60004,1,Instalar sistemas elétricos prediais,"Considerando o Projeto Elétrico, Ordens de Serviço e Procedimentos Operacionais",Unidades de medidas,Dificil,B,B
SC,SENAI/SC - Luzerna,Noite,105692-T TELT 2025/1 N1,Técnico em Eletrotécnica,2025.2-TTELT-AV.DIAG.FASE3,20/08/2026 à 20/08/2026,7/2024 à 6/2028,Caique Candido Tonial,2182712,"58,30%",14,10,00:29:40,SAEP_60269,8,Implementar sistemas de energias renováveis,Considerando os requisitos da concessionária e características do projeto do cliente/consumidor,Sistema Fotovoltaico,Medio,B,B
SC,SENAI/SC - Luzerna,Noite,105692-T TELT 2025/1 N1,Técnico em Eletrotécnica,2025.2-TTELT-AV.DIAG.FASE3,20/08/2026 à 20/08/2026,7/2024 à 6/2028,Caique Candido Tonial,2182712,"58,30%",14,10,00:29:40,SAEP_60699,7,Integrar automação aos sistemas elétricos industriais,Considerando as soluções tecnológicas aplicáveis aos processos industriais,Acionamentos Eletroeletrônicos,Dificil,D,C
SC,SENAI/SC - Luzerna,Noite,105692-T TELT 2025/1 N1,Técnico em Eletrotécnica,2025.2-TTELT-AV.DIAG.FASE3,20/08/2026 à 20/08/2026,7/2024 à 6/2028,Caique Candido Tonial,2182712,"58,30%",14,10,00:29:40,SAEP_67739,7,Integrar automação aos sistemas elétricos industriais,Considerando as soluções tecnológicas aplicáveis aos processos industriais,Controladores Lógicos Programáveis (CLP),Dificil,B,B
SC,SENAI/SC - Luzerna,Noite,105692-T TELT 2025/1 N1,Técnico em Eletrotécnica,2025.2-TTELT-AV.DIAG.FASE3,20/08/2026 à 20/08/2026,7/2024 à 6/2028,Caique Candido Tonial,2182712,"58,30%",14,10,00:29:40,SAEP_67787,4,Manter sistemas elétricos prediais,,Manutenção Elétrica,Facil,C,C
SC,SENAI/SC - Luzerna,Noite,105692-T TELT 2025/1 N1,Técnico em Eletrotécnica,2025.2-TTELT-AV.DIAG.FASE3,20/08/2026 à 20/08/2026,7/2024 à 6/2028,Caique Candido Tonial,2182712,"58,30%",14,10,00:29:40,SAEP_69253,2,Projetar sistemas elétricos prediais,Considerando os requisitos e necessidades do cliente e as características do local do serviço.,Software de Desenho Assistido por Computador (CAD),Medio,D,A
SC,SENAI/SC - Luzerna,Noite,105692-T TELT 2025/1 N1,Técnico em Eletrotécnica,2025.2-TTELT-AV.DIAG.FASE3,20/08/2026 à 20/08/2026,7/2024 à 6/2028,Caique Candido Tonial,2182712,"58,30%",14,10,00:29:40,SAEP_76121,6,Integrar automação aos sistemas elétricos industriais,,Acionamentos Eletroeletrônicos,Dificil,B,D
SC,SENAI/SC - Luzerna,Noite,105692-T TELT 2025/1 N1,Técnico em Eletrotécnica,2025.2-TTELT-AV.DIAG.FASE3,20/08/2026 à 20/08/2026,7/2024 à 6/2028,Caique Candido Tonial,2182712,"58,30%",14,10,00:29:40,SAEP_76593,6,Integrar automação aos sistemas elétricos industriais,"Considerando as especificações do projeto industrial, manuais dos equipamentos e catálogos dos fabricantes",Acionamentos Eletroeletrônicos,Facil,A,D
SC,SENAI/SC - Luzerna,Noite,105692-T TELT 2025/1 N1,Técnico em Eletrotécnica,2025.2-TTELT-AV.DIAG.FASE3,20/08/2026 à 20/08/2026,7/2024 à 6/2028,Caique Candido Tonial,2182712,"58,30%",14,10,00:29:40,SAEP_76980,10,Projetar sistemas elétricos prediais,"Considerando Legislação, Normas Técnicas, de Qualidade, de Segurança, Saúde e Sustentabilidade",Sistema de Proteção contra Descargas Atmosféricas (SPDA),Facil,D,D
SC,SENAI/SC - Luzerna,Noite,105692-T TELT 2025/1 N1,Técnico em Eletrotécnica,2025.2-TTELT-AV.DIAG.FASE3,20/08/2026 à 20/08/2026,7/2024 à 6/2028,Caique Candido Tonial,2182712,"58,30%",14,10,00:29:40,SAEP_76994,10,Manter sistemas elétricos de potência,"Considerando as especificações do projeto elétrico de potência, manuais dos equipamentos e catálogos dos fabricantes",Redes de Distribuição,Medio,D,B
SC,SENAI/SC - Luzerna,Noite,105692-T TELT 2025/1 N1,Técnico em Eletrotécnica,2025.2-TTELT-AV.DIAG.FASE3,20/08/2026 à 20/08/2026,7/2024 à 6/2028,Caique Candido Tonial,2182712,"58,30%",14,10,00:29:40,SAEP_77014,2,Projetar sistemas elétricos de potência de acordo com os parâmetros da legislação vigente,Considerando os requisitos da concessionária e características do projeto do cliente/consumidor,Leitura e Interpretação de Desenhos Técnicos,Dificil,C,A
SC,SENAI/SC - Luzerna,Noite,105692-T TELT 2025/1 N1,Técnico em Eletrotécnica,2025.2-TTELT-AV.DIAG.FASE3,20/08/2026 à 20/08/2026,7/2024 à 6/2028,Caique Candido Tonial,2182712,"58,30%",14,10,00:29:40,SAEP_77534,10,Manter sistemas elétricos de potência,,Redes de Distribuição,Dificil,B,B
SC,SENAI/SC - Luzerna,Noite,105692-T TELT 2025/1 N1,Técnico em Eletrotécnica,2025.2-TTELT-AV.DIAG.FASE3,20/08/2026 à 20/08/2026,7/2024 à 6/2028,Caique Candido Tonial,2182712,"58,30%",14,10,00:29:40,SAEP_77686,5,Instalar sistemas elétricos prediais,"Considerando o Projeto Elétrico, Ordens de Serviço e Procedimentos Operacionais",Equipamentos de medição elétrica,Facil,B,B
SC,SENAI/SC - Luzerna,Noite,105692-T TELT 2025/1 N1,Técnico em Eletrotécnica,2025.2-TTELT-AV.DIAG.FASE3,20/08/2026 à 20/08/2026,7/2024 à 6/2028,Caique Candido Tonial,2182712,"58,30%",14,10,00:29:40,SAEP_77777,5,Manter sistemas elétricos industriais,,Equipamentos de medição elétrica,Medio,A,A
SC,SENAI/SC - Luzerna,Noite,105692-T TELT 2025/1 N1,Técnico em Eletrotécnica,2025.2-TTELT-AV.DIAG.FASE3,20/08/2026 à 20/08/2026,7/2024 à 6/2028,Caique Candido Tonial,2182712,"58,30%",14,10,00:29:40,SAEP_77862,9,Manter sistemas elétricos industriais,,Normas Técnicas e Regulamentações Aplicadas,Facil,A,A
SC,SENAI/SC - Luzerna,Noite,105692-T TELT 2025/1 N1,Técnico em Eletrotécnica,2025.2-TTELT-AV.DIAG.FASE3,20/08/2026 à 20/08/2026,7/2024 à 6/2028,Caique Candido Tonial,2182712,"58,30%",14,10,00:29:40,SAEP_78480,3,Projetar sistemas elétricos industriais,,"Normas Técnicas e Regulamentações Aplicadas, Projeto Elétrico",Medio,B,B
SC,SENAI/SC - Luzerna,Noite,105692-T TELT 2025/1 N1,Técnico em Eletrotécnica,2025.2-TTELT-AV.DIAG.FASE3,20/08/2026 à 20/08/2026,7/2024 à 6/2028,Caique Candido Tonial,2182712,"58,30%",14,10,00:29:40,SAEP_79948,8,Projetar sistemas elétricos prediais,"Considerando Legislação, Normas Técnicas, de Qualidade, de Segurança, Saúde e Sustentabilidade",Condutores Elétricos,Facil,B,B
SC,SENAI/SC - Luzerna,Noite,105692-T TELT 2025/1 N1,Técnico em Eletrotécnica,2025.2-TTELT-AV.DIAG.FASE3,20/08/2026 à 20/08/2026,7/2024 à 6/2028,Gabriel Biagentini,2182387,"54,20%",13,11,00:26:23,SAEP_37667,6,Integrar automação aos sistemas elétricos industriais,Considerando as soluções tecnológicas aplicáveis aos processos industriais,Acionamentos Eletroeletrônicos,Medio,B,C
SC,SENAI/SC - Luzerna,Noite,105692-T TELT 2025/1 N1,Técnico em Eletrotécnica,2025.2-TTELT-AV.DIAG.FASE3,20/08/2026 à 20/08/2026,7/2024 à 6/2028,Gabriel Biagentini,2182387,"54,20%",13,11,00:26:23,SAEP_50884,4,Manter sistemas elétricos prediais,"Considerando o Projeto Elétrico, Ordem de Serviço e o Plano de Controle da Manutenção - PCM",Manutenção Elétrica,Medio,C,B
SC,SENAI/SC - Luzerna,Noite,105692-T TELT 2025/1 N1,Técnico em Eletrotécnica,2025.2-TTELT-AV.DIAG.FASE3,20/08/2026 à 20/08/2026,7/2024 à 6/2028,Gabriel Biagentini,2182387,"54,20%",13,11,00:26:23,SAEP_54064,1,Instalar sistemas elétricos prediais,,Circuitos Elétricos em Corrente Alternada,Medio,A,B
SC,SENAI/SC - Luzerna,Noite,105692-T TELT 2025/1 N1,Técnico em Eletrotécnica,2025.2-TTELT-AV.DIAG.FASE3,20/08/2026 à 20/08/2026,7/2024 à 6/2028,Gabriel Biagentini,2182387,"54,20%",13,11,00:26:23,SAEP_54220,3,Projetar sistemas elétricos prediais,Considerando os requisitos e necessidades do cliente e as características do local do serviço.,Projeto Elétrico,Facil,C,C
SC,SENAI/SC - Luzerna,Noite,105692-T TELT 2025/1 N1,Técnico em Eletrotécnica,2025.2-TTELT-AV.DIAG.FASE3,20/08/2026 à 20/08/2026,7/2024 à 6/2028,Gabriel Biagentini,2182387,"54,20%",13,11,00:26:23,SAEP_54323,5,Manter sistemas elétricos industriais,"Considerando Legislação, Normas Técnicas, de Qualidade, de Segurança, Saúde e Sustentabilidade",Equipamentos de medição elétrica,Medio,C,A
SC,SENAI/SC - Luzerna,Noite,105692-T TELT 2025/1 N1,Técnico em Eletrotécnica,2025.2-TTELT-AV.DIAG.FASE3,20/08/2026 à 20/08/2026,7/2024 à 6/2028,Gabriel Biagentini,2182387,"54,20%",13,11,00:26:23,SAEP_54640,9,Instalar sistemas elétricos de potência,"Considerando as especificações do projeto elétrico de potência, manuais e catálogos dos equipamentos",Normas Técnicas e Regulamentações Aplicadas,Dificil,B,D
SC,SENAI/SC - Luzerna,Noite,105692-T TELT 2025/1 N1,Técnico em Eletrotécnica,2025.2-TTELT-AV.DIAG.FASE3,20/08/2026 à 20/08/2026,7/2024 à 6/2028,Gabriel Biagentini,2182387,"54,20%",13,11,00:26:23,SAEP_54725,5,Manter sistemas elétricos de potência,"Considerando Legislação, Normas Técnicas, de Qualidade, de Segurança, Saúde e Sustentabilidade",Equipamentos de medição elétrica,Medio,C,C
SC,SENAI/SC - Luzerna,Noite,105692-T TELT 2025/1 N1,Técnico em Eletrotécnica,2025.2-TTELT-AV.DIAG.FASE3,20/08/2026 à 20/08/2026,7/2024 à 6/2028,Gabriel Biagentini,2182387,"54,20%",13,11,00:26:23,SAEP_60004,1,Instalar sistemas elétricos prediais,"Considerando o Projeto Elétrico, Ordens de Serviço e Procedimentos Operacionais",Unidades de medidas,Dificil,B,B
SC,SENAI/SC - Luzerna,Noite,105692-T TELT 2025/1 N1,Técnico em Eletrotécnica,2025.2-TTELT-AV.DIAG.FASE3,20/08/2026 à 20/08/2026,7/2024 à 6/2028,Gabriel Biagentini,2182387,"54,20%",13,11,00:26:23,SAEP_60269,8,Implementar sistemas de energias renováveis,Considerando os requisitos da concessionária e características do projeto do cliente/consumidor,Sistema Fotovoltaico,Medio,B,B
SC,SENAI/SC - Luzerna,Noite,105692-T TELT 2025/1 N1,Técnico em Eletrotécnica,2025.2-TTELT-AV.DIAG.FASE3,20/08/2026 à 20/08/2026,7/2024 à 6/2028,Gabriel Biagentini,2182387,"54,20%",13,11,00:26:23,SAEP_60699,7,Integrar automação aos sistemas elétricos industriais,Considerando as soluções tecnológicas aplicáveis aos processos industriais,Acionamentos Eletroeletrônicos,Dificil,C,C
SC,SENAI/SC - Luzerna,Noite,105692-T TELT 2025/1 N1,Técnico em Eletrotécnica,2025.2-TTELT-AV.DIAG.FASE3,20/08/2026 à 20/08/2026,7/2024 à 6/2028,Gabriel Biagentini,2182387,"54,20%",13,11,00:26:23,SAEP_67739,7,Integrar automação aos sistemas elétricos industriais,Considerando as soluções tecnológicas aplicáveis aos processos industriais,Controladores Lógicos Programáveis (CLP),Dificil,B,B
SC,SENAI/SC - Luzerna,Noite,105692-T TELT 2025/1 N1,Técnico em Eletrotécnica,2025.2-TTELT-AV.DIAG.FASE3,20/08/2026 à 20/08/2026,7/2024 à 6/2028,Gabriel Biagentini,2182387,"54,20%",13,11,00:26:23,SAEP_67787,4,Manter sistemas elétricos prediais,,Manutenção Elétrica,Facil,C,C
SC,SENAI/SC - Luzerna,Noite,105692-T TELT 2025/1 N1,Técnico em Eletrotécnica,2025.2-TTELT-AV.DIAG.FASE3,20/08/2026 à 20/08/2026,7/2024 à 6/2028,Gabriel Biagentini,2182387,"54,20%",13,11,00:26:23,SAEP_69253,2,Projetar sistemas elétricos prediais,Considerando os requisitos e necessidades do cliente e as características do local do serviço.,Software de Desenho Assistido por Computador (CAD),Medio,D,A
SC,SENAI/SC - Luzerna,Noite,105692-T TELT 2025/1 N1,Técnico em Eletrotécnica,2025.2-TTELT-AV.DIAG.FASE3,20/08/2026 à 20/08/2026,7/2024 à 6/2028,Gabriel Biagentini,2182387,"54,20%",13,11,00:26:23,SAEP_76121,6,Integrar automação aos sistemas elétricos industriais,,Acionamentos Eletroeletrônicos,Dificil,B,D
SC,SENAI/SC - Luzerna,Noite,105692-T TELT 2025/1 N1,Técnico em Eletrotécnica,2025.2-TTELT-AV.DIAG.FASE3,20/08/2026 à 20/08/2026,7/2024 à 6/2028,Gabriel Biagentini,2182387,"54,20%",13,11,00:26:23,SAEP_76593,6,Integrar automação aos sistemas elétricos industriais,"Considerando as especificações do projeto industrial, manuais dos equipamentos e catálogos dos fabricantes",Acionamentos Eletroeletrônicos,Facil,A,D
SC,SENAI/SC - Luzerna,Noite,105692-T TELT 2025/1 N1,Técnico em Eletrotécnica,2025.2-TTELT-AV.DIAG.FASE3,20/08/2026 à 20/08/2026,7/2024 à 6/2028,Gabriel Biagentini,2182387,"54,20%",13,11,00:26:23,SAEP_76980,10,Projetar sistemas elétricos prediais,"Considerando Legislação, Normas Técnicas, de Qualidade, de Segurança, Saúde e Sustentabilidade",Sistema de Proteção contra Descargas Atmosféricas (SPDA),Facil,D,D
SC,SENAI/SC - Luzerna,Noite,105692-T TELT 2025/1 N1,Técnico em Eletrotécnica,2025.2-TTELT-AV.DIAG.FASE3,20/08/2026 à 20/08/2026,7/2024 à 6/2028,Gabriel Biagentini,2182387,"54,20%",13,11,00:26:23,SAEP_76994,10,Manter sistemas elétricos de potência,"Considerando as especificações do projeto elétrico de potência, manuais dos equipamentos e catálogos dos fabricantes",Redes de Distribuição,Medio,B,B
SC,SENAI/SC - Luzerna,Noite,105692-T TELT 2025/1 N1,Técnico em Eletrotécnica,2025.2-TTELT-AV.DIAG.FASE3,20/08/2026 à 20/08/2026,7/2024 à 6/2028,Gabriel Biagentini,2182387,"54,20%",13,11,00:26:23,SAEP_77014,2,Projetar sistemas elétricos de potência de acordo com os parâmetros da legislação vigente,Considerando os requisitos da concessionária e características do projeto do cliente/consumidor,Leitura e Interpretação de Desenhos Técnicos,Dificil,C,A
SC,SENAI/SC - Luzerna,Noite,105692-T TELT 2025/1 N1,Técnico em Eletrotécnica,2025.2-TTELT-AV.DIAG.FASE3,20/08/2026 à 20/08/2026,7/2024 à 6/2028,Gabriel Biagentini,2182387,"54,20%",13,11,00:26:23,SAEP_77534,10,Manter sistemas elétricos de potência,,Redes de Distribuição,Dificil,B,B
SC,SENAI/SC - Luzerna,Noite,105692-T TELT 2025/1 N1,Técnico em Eletrotécnica,2025.2-TTELT-AV.DIAG.FASE3,20/08/2026 à 20/08/2026,7/2024 à 6/2028,Gabriel Biagentini,2182387,"54,20%",13,11,00:26:23,SAEP_77686,5,Instalar sistemas elétricos prediais,"Considerando o Projeto Elétrico, Ordens de Serviço e Procedimentos Operacionais",Equipamentos de medição elétrica,Facil,B,B
SC,SENAI/SC - Luzerna,Noite,105692-T TELT 2025/1 N1,Técnico em Eletrotécnica,2025.2-TTELT-AV.DIAG.FASE3,20/08/2026 à 20/08/2026,7/2024 à 6/2028,Gabriel Biagentini,2182387,"54,20%",13,11,00:26:23,SAEP_77777,5,Manter sistemas elétricos industriais,,Equipamentos de medição elétrica,Medio,C,A
SC,SENAI/SC - Luzerna,Noite,105692-T TELT 2025/1 N1,Técnico em Eletrotécnica,2025.2-TTELT-AV.DIAG.FASE3,20/08/2026 à 20/08/2026,7/2024 à 6/2028,Gabriel Biagentini,2182387,"54,20%",13,11,00:26:23,SAEP_77862,9,Manter sistemas elétricos industriais,,Normas Técnicas e Regulamentações Aplicadas,Facil,A,A
SC,SENAI/SC - Luzerna,Noite,105692-T TELT 2025/1 N1,Técnico em Eletrotécnica,2025.2-TTELT-AV.DIAG.FASE3,20/08/2026 à 20/08/2026,7/2024 à 6/2028,Gabriel Biagentini,2182387,"54,20%",13,11,00:26:23,SAEP_78480,3,Projetar sistemas elétricos industriais,,"Normas Técnicas e Regulamentações Aplicadas, Projeto Elétrico",Medio,B,B
SC,SENAI/SC - Luzerna,Noite,105692-T TELT 2025/1 N1,Técnico em Eletrotécnica,2025.2-TTELT-AV.DIAG.FASE3,20/08/2026 à 20/08/2026,7/2024 à 6/2028,Gabriel Biagentini,2182387,"54,20%",13,11,00:26:23,SAEP_79948,8,Projetar sistemas elétricos prediais,"Considerando Legislação, Normas Técnicas, de Qualidade, de Segurança, Saúde e Sustentabilidade",Condutores Elétricos,Facil,A,B
SC,SENAI/SC - Luzerna,Noite,105692-T TELT 2025/1 N1,Técnico em Eletrotécnica,2025.2-TTELT-AV.DIAG.FASE3,20/08/2026 à 20/08/2026,7/2024 à 6/2028,Rogerio Brunetto,2121304,"0,00%",0,24,00:01:59,SAEP_37667,6,Integrar automação aos sistemas elétricos industriais,Considerando as soluções tecnológicas aplicáveis aos processos industriais,Acionamentos Eletroeletrônicos,Medio,,C
SC,SENAI/SC - Luzerna,Noite,105692-T TELT 2025/1 N1,Técnico em Eletrotécnica,2025.2-TTELT-AV.DIAG.FASE3,20/08/2026 à 20/08/2026,7/2024 à 6/2028,Rogerio Brunetto,2121304,"0,00%",0,24,00:01:59,SAEP_50884,4,Manter sistemas elétricos prediais,"Considerando o Projeto Elétrico, Ordem de Serviço e o Plano de Controle da Manutenção - PCM",Manutenção Elétrica,Medio,,B
SC,SENAI/SC - Luzerna,Noite,105692-T TELT 2025/1 N1,Técnico em Eletrotécnica,2025.2-TTELT-AV.DIAG.FASE3,20/08/2026 à 20/08/2026,7/2024 à 6/2028,Rogerio Brunetto,2121304,"0,00%",0,24,00:01:59,SAEP_54064,1,Instalar sistemas elétricos prediais,,Circuitos Elétricos em Corrente Alternada,Medio,,B
SC,SENAI/SC - Luzerna,Noite,105692-T TELT 2025/1 N1,Técnico em Eletrotécnica,2025.2-TTELT-AV.DIAG.FASE3,20/08/2026 à 20/08/2026,7/2024 à 6/2028,Rogerio Brunetto,2121304,"0,00%",0,24,00:01:59,SAEP_54220,3,Projetar sistemas elétricos prediais,Considerando os requisitos e necessidades do cliente e as características do local do serviço.,Projeto Elétrico,Facil,,C
SC,SENAI/SC - Luzerna,Noite,105692-T TELT 2025/1 N1,Técnico em Eletrotécnica,2025.2-TTELT-AV.DIAG.FASE3,20/08/2026 à 20/08/2026,7/2024 à 6/2028,Rogerio Brunetto,2121304,"0,00%",0,24,00:01:59,SAEP_54323,5,Manter sistemas elétricos industriais,"Considerando Legislação, Normas Técnicas, de Qualidade, de Segurança, Saúde e Sustentabilidade",Equipamentos de medição elétrica,Medio,,A
SC,SENAI/SC - Luzerna,Noite,105692-T TELT 2025/1 N1,Técnico em Eletrotécnica,2025.2-TTELT-AV.DIAG.FASE3,20/08/2026 à 20/08/2026,7/2024 à 6/2028,Rogerio Brunetto,2121304,"0,00%",0,24,00:01:59,SAEP_54640,9,Instalar sistemas elétricos de potência,"Considerando as especificações do projeto elétrico de potência, manuais e catálogos dos equipamentos",Normas Técnicas e Regulamentações Aplicadas,Dificil,,D
SC,SENAI/SC - Luzerna,Noite,105692-T TELT 2025/1 N1,Técnico em Eletrotécnica,2025.2-TTELT-AV.DIAG.FASE3,20/08/2026 à 20/08/2026,7/2024 à 6/2028,Rogerio Brunetto,2121304,"0,00%",0,24,00:01:59,SAEP_54725,5,Manter sistemas elétricos de potência,"Considerando Legislação, Normas Técnicas, de Qualidade, de Segurança, Saúde e Sustentabilidade",Equipamentos de medição elétrica,Medio,,C
SC,SENAI/SC - Luzerna,Noite,105692-T TELT 2025/1 N1,Técnico em Eletrotécnica,2025.2-TTELT-AV.DIAG.FASE3,20/08/2026 à 20/08/2026,7/2024 à 6/2028,Rogerio Brunetto,2121304,"0,00%",0,24,00:01:59,SAEP_60004,1,Instalar sistemas elétricos prediais,"Considerando o Projeto Elétrico, Ordens de Serviço e Procedimentos Operacionais",Unidades de medidas,Dificil,,B
SC,SENAI/SC - Luzerna,Noite,105692-T TELT 2025/1 N1,Técnico em Eletrotécnica,2025.2-TTELT-AV.DIAG.FASE3,20/08/2026 à 20/08/2026,7/2024 à 6/2028,Rogerio Brunetto,2121304,"0,00%",0,24,00:01:59,SAEP_60269,8,Implementar sistemas de energias renováveis,Considerando os requisitos da concessionária e características do projeto do cliente/consumidor,Sistema Fotovoltaico,Medio,,B
SC,SENAI/SC - Luzerna,Noite,105692-T TELT 2025/1 N1,Técnico em Eletrotécnica,2025.2-TTELT-AV.DIAG.FASE3,20/08/2026 à 20/08/2026,7/2024 à 6/2028,Rogerio Brunetto,2121304,"0,00%",0,24,00:01:59,SAEP_60699,7,Integrar automação aos sistemas elétricos industriais,Considerando as soluções tecnológicas aplicáveis aos processos industriais,Acionamentos Eletroeletrônicos,Dificil,,C
SC,SENAI/SC - Luzerna,Noite,105692-T TELT 2025/1 N1,Técnico em Eletrotécnica,2025.2-TTELT-AV.DIAG.FASE3,20/08/2026 à 20/08/2026,7/2024 à 6/2028,Rogerio Brunetto,2121304,"0,00%",0,24,00:01:59,SAEP_67739,7,Integrar automação aos sistemas elétricos industriais,Considerando as soluções tecnológicas aplicáveis aos processos industriais,Controladores Lógicos Programáveis (CLP),Dificil,,B
SC,SENAI/SC - Luzerna,Noite,105692-T TELT 2025/1 N1,Técnico em Eletrotécnica,2025.2-TTELT-AV.DIAG.FASE3,20/08/2026 à 20/08/2026,7/2024 à 6/2028,Rogerio Brunetto,2121304,"0,00%",0,24,00:01:59,SAEP_67787,4,Manter sistemas elétricos prediais,,Manutenção Elétrica,Facil,,C
SC,SENAI/SC - Luzerna,Noite,105692-T TELT 2025/1 N1,Técnico em Eletrotécnica,2025.2-TTELT-AV.DIAG.FASE3,20/08/2026 à 20/08/2026,7/2024 à 6/2028,Rogerio Brunetto,2121304,"0,00%",0,24,00:01:59,SAEP_69253,2,Projetar sistemas elétricos prediais,Considerando os requisitos e necessidades do cliente e as características do local do serviço.,Software de Desenho Assistido por Computador (CAD),Medio,,A
SC,SENAI/SC - Luzerna,Noite,105692-T TELT 2025/1 N1,Técnico em Eletrotécnica,2025.2-TTELT-AV.DIAG.FASE3,20/08/2026 à 20/08/2026,7/2024 à 6/2028,Rogerio Brunetto,2121304,"0,00%",0,24,00:01:59,SAEP_76121,6,Integrar automação aos sistemas elétricos industriais,,Acionamentos Eletroeletrônicos,Dificil,,D
SC,SENAI/SC - Luzerna,Noite,105692-T TELT 2025/1 N1,Técnico em Eletrotécnica,2025.2-TTELT-AV.DIAG.FASE3,20/08/2026 à 20/08/2026,7/2024 à 6/2028,Rogerio Brunetto,2121304,"0,00%",0,24,00:01:59,SAEP_76593,6,Integrar automação aos sistemas elétricos industriais,"Considerando as especificações do projeto industrial, manuais dos equipamentos e catálogos dos fabricantes",Acionamentos Eletroeletrônicos,Facil,,D
SC,SENAI/SC - Luzerna,Noite,105692-T TELT 2025/1 N1,Técnico em Eletrotécnica,2025.2-TTELT-AV.DIAG.FASE3,20/08/2026 à 20/08/2026,7/2024 à 6/2028,Rogerio Brunetto,2121304,"0,00%",0,24,00:01:59,SAEP_76980,10,Projetar sistemas elétricos prediais,"Considerando Legislação, Normas Técnicas, de Qualidade, de Segurança, Saúde e Sustentabilidade",Sistema de Proteção contra Descargas Atmosféricas (SPDA),Facil,,D
SC,SENAI/SC - Luzerna,Noite,105692-T TELT 2025/1 N1,Técnico em Eletrotécnica,2025.2-TTELT-AV.DIAG.FASE3,20/08/2026 à 20/08/2026,7/2024 à 6/2028,Rogerio Brunetto,2121304,"0,00%",0,24,00:01:59,SAEP_76994,10,Manter sistemas elétricos de potência,"Considerando as especificações do projeto elétrico de potência, manuais dos equipamentos e catálogos dos fabricantes",Redes de Distribuição,Medio,,B
SC,SENAI/SC - Luzerna,Noite,105692-T TELT 2025/1 N1,Técnico em Eletrotécnica,2025.2-TTELT-AV.DIAG.FASE3,20/08/2026 à 20/08/2026,7/2024 à 6/2028,Rogerio Brunetto,2121304,"0,00%",0,24,00:01:59,SAEP_77014,2,Projetar sistemas elétricos de potência de acordo com os parâmetros da legislação vigente,Considerando os requisitos da concessionária e características do projeto do cliente/consumidor,Leitura e Interpretação de Desenhos Técnicos,Dificil,,A
SC,SENAI/SC - Luzerna,Noite,105692-T TELT 2025/1 N1,Técnico em Eletrotécnica,2025.2-TTELT-AV.DIAG.FASE3,20/08/2026 à 20/08/2026,7/2024 à 6/2028,Rogerio Brunetto,2121304,"0,00%",0,24,00:01:59,SAEP_77534,10,Manter sistemas elétricos de potência,,Redes de Distribuição,Dificil,,B
SC,SENAI/SC - Luzerna,Noite,105692-T TELT 2025/1 N1,Técnico em Eletrotécnica,2025.2-TTELT-AV.DIAG.FASE3,20/08/2026 à 20/08/2026,7/2024 à 6/2028,Rogerio Brunetto,2121304,"0,00%",0,24,00:01:59,SAEP_77686,5,Instalar sistemas elétricos prediais,"Considerando o Projeto Elétrico, Ordens de Serviço e Procedimentos Operacionais",Equipamentos de medição elétrica,Facil,A,B
SC,SENAI/SC - Luzerna,Noite,105692-T TELT 2025/1 N1,Técnico em Eletrotécnica,2025.2-TTELT-AV.DIAG.FASE3,20/08/2026 à 20/08/2026,7/2024 à 6/2028,Rogerio Brunetto,2121304,"0,00%",0,24,00:01:59,SAEP_77777,5,Manter sistemas elétricos industriais,,Equipamentos de medição elétrica,Medio,,A
SC,SENAI/SC - Luzerna,Noite,105692-T TELT 2025/1 N1,Técnico em Eletrotécnica,2025.2-TTELT-AV.DIAG.FASE3,20/08/2026 à 20/08/2026,7/2024 à 6/2028,Rogerio Brunetto,2121304,"0,00%",0,24,00:01:59,SAEP_77862,9,Manter sistemas elétricos industriais,,Normas Técnicas e Regulamentações Aplicadas,Facil,,A
SC,SENAI/SC - Luzerna,Noite,105692-T TELT 2025/1 N1,Técnico em Eletrotécnica,2025.2-TTELT-AV.DIAG.FASE3,20/08/2026 à 20/08/2026,7/2024 à 6/2028,Rogerio Brunetto,2121304,"0,00%",0,24,00:01:59,SAEP_78480,3,Projetar sistemas elétricos industriais,,"Normas Técnicas e Regulamentações Aplicadas, Projeto Elétrico",Medio,,B
SC,SENAI/SC - Luzerna,Noite,105692-T TELT 2025/1 N1,Técnico em Eletrotécnica,2025.2-TTELT-AV.DIAG.FASE3,20/08/2026 à 20/08/2026,7/2024 à 6/2028,Rogerio Brunetto,2121304,"0,00%",0,24,00:01:59,SAEP_79948,8,Projetar sistemas elétricos prediais,"Considerando Legislação, Normas Técnicas, de Qualidade, de Segurança, Saúde e Sustentabilidade",Condutores Elétricos,Facil,,B